DELETE FROM `creature_equip_template` WHERE (`ID`=1 AND `CreatureID` IN (583,116,1301,1431,1298,1297,31216,13018,44395,43840,5509,1416,7232,47688,5514,11026,5513,20407,43034,5519,5518,44236,6579,45306,14439,29725,7798,957,5413,5511,5510,5512,1472,5517,5515,5516,58167,656,54218,1756,54214,5384,54217,54216,1478,1477,55684,1339,1292,11096,1321,1319,14438,44583,14423,3518,1289,1287,49748,12481,12480,17252,1275,1257,1432,4974,466,1285,51348,42421,482,12785,12784,483,4981,52537,12781,12778,12787,12786,49877,35477,1302,12780,12779,19848,52546,52545,1303,28569,1976,28596,4959,913,46983,927,241,2046,514,240,328,377,917,151,6374,906,3935,465,1430,794,1651,6306,42938,42937,1642,11260,50039,915,951,6373,911,198,375,925,459,196,49874,49869,43278,197,1213,42218,78,42216,152,6367,94,1423,68)) OR (`ID`=4 AND `CreatureID`=42937) OR (`ID`=3 AND `CreatureID`=42937) OR (`ID`=2 AND `CreatureID`=42937);
INSERT INTO `creature_equip_template` (`CreatureID`, `ID`, `ItemID1`, `AppearanceModID1`, `ItemVisual1`, `ItemID2`, `AppearanceModID2`, `ItemVisual2`, `ItemID3`, `AppearanceModID3`, `ItemVisual3`, `VerifiedBuild`) VALUES
(583, 1, 2184, 0, 0, 0, 0, 0, 0, 0, 0, 57564), -- 583
(116, 1, 1896, 0, 0, 0, 0, 0, 0, 0, 0, 57564), -- 116
(1301, 1, 2717, 0, 0, 0, 0, 0, 0, 0, 0, 57564), -- 1301
(1431, 1, 2717, 0, 0, 0, 0, 0, 0, 0, 0, 57564), -- 1431
(1298, 1, 0, 0, 0, 0, 0, 0, 2550, 0, 0, 57564), -- 1298
(1297, 1, 0, 0, 0, 0, 0, 0, 2552, 0, 0, 57564), -- 1297
(31216, 1, 63536, 63536, 0, 57923, 0, 0, 0, 0, 0, 57564), -- 31216
(13018, 1, 2196, 0, 0, 0, 0, 0, 0, 0, 0, 57564), -- 13018
(44395, 1, 1908, 0, 0, 0, 0, 0, 0, 0, 0, 57564), -- 44395
(43840, 1, 45861, 0, 0, 0, 0, 0, 0, 0, 0, 57564), -- 43840
(5509, 1, 5286, 0, 0, 0, 0, 0, 0, 0, 0, 57564), -- 5509
(1416, 1, 1903, 0, 0, 0, 0, 0, 0, 0, 0, 57564), -- 1416
(7232, 1, 2182, 0, 0, 0, 0, 0, 0, 0, 0, 57564), -- 7232
(47688, 1, 2178, 0, 0, 5284, 0, 0, 62285, 0, 0, 57564), -- 47688
(5514, 1, 1910, 0, 0, 0, 0, 0, 0, 0, 0, 57564), -- 5514
(11026, 1, 1911, 0, 0, 0, 0, 0, 0, 0, 0, 57564), -- 11026
(5513, 1, 1910, 0, 0, 0, 0, 0, 0, 0, 0, 57564), -- 5513
(20407, 1, 29694, 0, 0, 0, 0, 0, 0, 0, 0, 57564), -- 20407
(43034, 1, 2703, 0, 0, 0, 0, 0, 0, 0, 0, 57564), -- 43034
(5519, 1, 1911, 0, 0, 0, 0, 0, 0, 0, 0, 57564), -- 5519
(5518, 1, 4994, 0, 0, 0, 0, 0, 0, 0, 0, 57564), -- 5518
(44236, 1, 2716, 0, 0, 0, 0, 0, 0, 0, 0, 57564), -- 44236
(6579, 1, 1910, 0, 0, 0, 0, 0, 0, 0, 0, 57564), -- 6579
(45306, 1, 4994, 0, 0, 0, 0, 0, 0, 0, 0, 57564), -- 45306
(14439, 1, 2178, 0, 0, 5284, 0, 0, 62285, 0, 0, 57564), -- 14439
(29725, 1, 7682, 0, 0, 0, 0, 0, 0, 0, 0, 57564), -- 29725
(7798, 1, 2182, 0, 0, 0, 0, 0, 0, 0, 0, 57564), -- 7798
(957, 1, 1903, 0, 0, 0, 0, 0, 0, 0, 0, 57564), -- 957
(5413, 1, 1903, 0, 0, 0, 0, 0, 0, 0, 0, 57564), -- 5413
(5511, 1, 1903, 0, 0, 0, 0, 0, 0, 0, 0, 57564), -- 5511
(5510, 1, 0, 0, 0, 0, 0, 0, 12523, 0, 0, 57564), -- 5510
(5512, 1, 5532, 0, 0, 0, 0, 0, 0, 0, 0, 57564), -- 5512
(1472, 1, 1903, 0, 0, 0, 0, 0, 0, 0, 0, 57564), -- 1472
(5517, 1, 1909, 0, 0, 0, 0, 0, 0, 0, 0, 57564), -- 5517
(5515, 1, 3433, 0, 0, 0, 0, 0, 0, 0, 0, 57564), -- 5515
(5516, 1, 0, 0, 0, 0, 0, 0, 2552, 0, 0, 57564), -- 5516
(58167, 1, 1117, 0, 0, 0, 0, 0, 0, 0, 0, 57564), -- 58167
(656, 1, 1910, 0, 0, 0, 0, 0, 0, 0, 0, 57564), -- 656
(54218, 1, 13612, 0, 0, 0, 0, 0, 0, 0, 0, 57564), -- 54218
(1756, 1, 1899, 0, 0, 143, 0, 0, 2551, 0, 0, 57564), -- 1756
(54214, 1, 2202, 0, 0, 0, 0, 0, 0, 0, 0, 57564), -- 54214
(5384, 1, 1907, 0, 0, 0, 0, 0, 0, 0, 0, 57564), -- 5384
(54217, 1, 13612, 0, 0, 0, 0, 0, 0, 0, 0, 57564), -- 54217
(54216, 1, 13612, 0, 0, 0, 0, 0, 0, 0, 0, 57564), -- 54216
(1478, 1, 2705, 0, 0, 0, 0, 0, 0, 0, 0, 57564), -- 1478
(1477, 1, 2705, 0, 0, 0, 0, 0, 0, 0, 0, 57564), -- 1477
(55684, 1, 1903, 0, 0, 0, 0, 0, 0, 0, 0, 57564), -- 55684
(1339, 1, 1902, 0, 0, 0, 0, 0, 0, 0, 0, 57564), -- 1339
(1292, 1, 5278, 0, 0, 0, 0, 0, 0, 0, 0, 57564), -- 1292
(11096, 1, 12742, 0, 0, 0, 0, 0, 0, 0, 0, 57564), -- 11096
(1321, 1, 12854, 0, 0, 0, 0, 0, 0, 0, 0, 57564), -- 1321
(1319, 1, 0, 0, 0, 1984, 0, 0, 0, 0, 0, 57564), -- 1319
(14438, 1, 2178, 0, 0, 5284, 0, 0, 62285, 0, 0, 57564), -- 14438
(44583, 1, 11343, 0, 0, 0, 0, 0, 0, 0, 0, 57564), -- 44583
(14423, 1, 2178, 0, 0, 5284, 0, 0, 62285, 0, 0, 57564), -- 14423
(3518, 1, 2197, 0, 0, 0, 0, 0, 0, 0, 0, 57564), -- 3518
(1289, 1, 1903, 0, 0, 0, 0, 0, 0, 0, 0, 57564), -- 1289
(1287, 1, 1896, 0, 0, 0, 0, 0, 0, 0, 0, 57564), -- 1287
(49748, 1, 1906, 0, 0, 0, 0, 0, 0, 0, 0, 57564), -- 49748
(12481, 1, 21553, 0, 0, 0, 0, 0, 0, 0, 0, 57564), -- 12481
(12480, 1, 21573, 0, 0, 21572, 0, 0, 0, 0, 0, 57564), -- 12480
(17252, 1, 12784, 0, 0, 0, 0, 0, 0, 0, 0, 57564), -- 17252
(1275, 1, 0, 0, 0, 3695, 0, 0, 0, 0, 0, 57564), -- 1275
(1257, 1, 3699, 0, 0, 0, 0, 0, 0, 0, 0, 57564), -- 1257
(1432, 1, 2717, 0, 0, 0, 0, 0, 0, 0, 0, 57564), -- 1432
(4974, 1, 2177, 0, 0, 0, 0, 0, 0, 0, 0, 57564), -- 4974
(466, 1, 46987, 0, 0, 143, 0, 0, 0, 0, 0, 57564), -- 466
(1285, 1, 2714, 0, 0, 0, 0, 0, 0, 0, 0, 57564), -- 1285
(51348, 1, 1899, 0, 0, 143, 0, 0, 2551, 0, 0, 57564), -- 51348
(42421, 1, 1117, 0, 0, 0, 0, 0, 0, 0, 0, 57564), -- 42421
(482, 1, 2716, 0, 0, 0, 0, 0, 0, 0, 0, 57564), -- 482
(12785, 1, 5288, 0, 0, 0, 0, 0, 0, 0, 0, 57564), -- 12785
(12784, 1, 21573, 0, 0, 0, 0, 0, 0, 0, 0, 57564), -- 12784
(483, 1, 2197, 0, 0, 0, 0, 0, 0, 0, 0, 57564), -- 483
(4981, 1, 2716, 0, 0, 0, 0, 0, 0, 0, 0, 57564), -- 4981
(52537, 1, 5305, 0, 0, 0, 0, 0, 0, 0, 0, 57564), -- 52537
(12781, 1, 12744, 0, 0, 0, 0, 0, 0, 0, 0, 57564), -- 12781
(12778, 1, 10613, 0, 0, 143, 0, 0, 0, 0, 0, 57564), -- 12778
(12787, 1, 2178, 0, 0, 143, 0, 0, 0, 0, 0, 57564), -- 12787
(12786, 1, 2178, 0, 0, 143, 0, 0, 0, 0, 0, 57564), -- 12786
(49877, 1, 21553, 0, 0, 0, 0, 0, 0, 0, 0, 57564), -- 49877
(35477, 1, 2708, 0, 0, 0, 0, 0, 0, 0, 0, 57564), -- 35477
(1302, 1, 2710, 0, 0, 0, 0, 0, 0, 0, 0, 57564), -- 1302
(12780, 1, 0, 0, 0, 0, 0, 0, 13147, 0, 0, 57564), -- 12780
(12779, 1, 13750, 0, 0, 0, 0, 0, 0, 0, 0, 57564), -- 12779
(19848, 1, 23906, 0, 0, 29640, 0, 0, 0, 0, 0, 57564), -- 19848
(52546, 1, 5305, 0, 0, 1984, 0, 0, 0, 0, 0, 57564), -- 52546
(52545, 1, 34520, 0, 0, 29638, 0, 0, 0, 0, 0, 57564), -- 52545
(1303, 1, 6233, 0, 0, 0, 0, 0, 0, 0, 0, 57564), -- 1303
(28569, 1, 5292, 0, 0, 0, 0, 0, 0, 0, 0, 57564), -- 28569
(1976, 1, 1899, 0, 0, 143, 0, 0, 2551, 0, 0, 57564), -- 1976
(28596, 1, 5292, 0, 0, 0, 0, 0, 0, 0, 0, 57564), -- 28596
(4959, 1, 1117, 0, 0, 0, 0, 0, 0, 0, 0, 57564), -- 4959
(913, 1, 1899, 0, 0, 1985, 0, 0, 0, 0, 0, 57564), -- 913
(46983, 1, 853, 0, 0, 0, 0, 0, 25260, 0, 0, 57564), -- 46983
(927, 1, 2182, 0, 0, 1984, 0, 0, 0, 0, 0, 57564), -- 927
(241, 1, 1906, 0, 0, 0, 0, 0, 0, 0, 0, 57564), -- 241
(2046, 1, 1903, 0, 0, 0, 0, 0, 0, 0, 0, 57564), -- 2046
(514, 1, 1911, 0, 0, 0, 0, 0, 0, 0, 0, 57564), -- 514
(240, 1, 3361, 0, 0, 0, 0, 0, 0, 0, 0, 57564), -- 240
(328, 1, 1908, 0, 0, 0, 0, 0, 0, 0, 0, 57564), -- 328
(377, 1, 1908, 0, 0, 0, 0, 0, 0, 0, 0, 57564), -- 377
(917, 1, 1900, 0, 0, 0, 0, 0, 0, 0, 0, 57564), -- 917
(151, 1, 2197, 0, 0, 0, 0, 0, 0, 0, 0, 57564), -- 151
(6374, 1, 12937, 0, 0, 0, 0, 0, 0, 0, 0, 57564), -- 6374
(906, 1, 1908, 0, 0, 0, 0, 0, 0, 0, 0, 57564), -- 906
(3935, 1, 2827, 0, 0, 0, 0, 0, 0, 0, 0, 57564), -- 3935
(465, 1, 2717, 0, 0, 0, 0, 0, 0, 0, 0, 57564), -- 465
(1430, 1, 2197, 0, 0, 0, 0, 0, 0, 0, 0, 57564), -- 1430
(794, 1, 1117, 0, 0, 0, 0, 0, 0, 0, 0, 57564), -- 794
(1651, 1, 1117, 0, 0, 0, 0, 0, 0, 0, 0, 57564), -- 1651
(6306, 1, 5278, 0, 0, 0, 0, 0, 0, 0, 0, 57564), -- 6306
(42938, 1, 56117, 0, 0, 0, 0, 0, 0, 0, 0, 57564), -- 42938
(42937, 4, 18062, 0, 0, 0, 0, 0, 0, 0, 0, 57564), -- 42937
(42937, 3, 10898, 0, 0, 12456, 0, 0, 0, 0, 0, 57564), -- 42937
(42937, 2, 17383, 0, 0, 0, 0, 0, 0, 0, 0, 57564), -- 42937
(42937, 1, 14877, 0, 0, 0, 0, 0, 0, 0, 0, 57564), -- 42937
(1642, 1, 1899, 0, 0, 143, 0, 0, 2551, 0, 0, 57564), -- 1642
(11260, 1, 1905, 0, 0, 0, 0, 0, 0, 0, 0, 57564), -- 11260
(50039, 1, 10616, 0, 0, 10616, 0, 0, 0, 0, 0, 57564), -- 50039
(915, 1, 2184, 0, 0, 0, 0, 0, 0, 0, 0, 57564), -- 915
(951, 1, 1907, 0, 0, 0, 0, 0, 0, 0, 0, 57564), -- 951
(6373, 1, 11343, 0, 0, 0, 0, 0, 0, 0, 0, 57564), -- 6373
(911, 1, 1896, 0, 0, 1961, 0, 0, 0, 0, 0, 57564), -- 911
(198, 1, 1907, 0, 0, 0, 0, 0, 0, 0, 0, 57564), -- 198
(375, 1, 1907, 0, 0, 0, 0, 0, 0, 0, 0, 57564), -- 375
(925, 1, 1903, 0, 0, 0, 0, 0, 0, 0, 0, 57564), -- 925
(459, 1, 1907, 0, 0, 0, 0, 0, 0, 0, 0, 57564), -- 459
(196, 1, 1905, 0, 0, 0, 0, 0, 0, 0, 0, 57564), -- 196
(49874, 1, 5282, 0, 0, 10617, 0, 0, 0, 0, 0, 57564), -- 49874
(49869, 1, 21573, 0, 0, 21572, 0, 0, 0, 0, 0, 57564), -- 49869
(43278, 1, 37, 0, 0, 0, 0, 0, 2551, 0, 0, 57564), -- 43278
(197, 1, 1899, 0, 0, 143, 0, 0, 0, 0, 0, 57564), -- 197
(1213, 1, 1903, 0, 0, 0, 0, 0, 0, 0, 0, 57564), -- 1213
(42218, 1, 21573, 0, 0, 21572, 0, 0, 2551, 0, 0, 57564), -- 42218
(78, 1, 1903, 0, 0, 0, 0, 0, 0, 0, 0, 57564), -- 78
(42216, 1, 1899, 0, 0, 143, 0, 0, 0, 0, 0, 57564), -- 42216
(152, 1, 2197, 0, 0, 0, 0, 0, 0, 0, 0, 57564), -- 152
(6367, 1, 2827, 0, 0, 0, 0, 0, 0, 0, 0, 57564), -- 6367
(94, 1, 2184, 0, 0, 0, 0, 0, 0, 0, 0, 57564), -- 94
(1423, 1, 1899, 0, 0, 143, 0, 0, 2551, 0, 0, 57564), -- 1423
(68, 1, 1899, 0, 0, 143, 0, 0, 2551, 0, 0, 57564); -- 68


DELETE FROM `playercreateinfo_action` WHERE (`race`=1 AND `class`=1 AND `button`=179) OR (`race`=1 AND `class`=1 AND `button`=178) OR (`race`=1 AND `class`=1 AND `button`=176) OR (`race`=1 AND `class`=1 AND `button`=175) OR (`race`=1 AND `class`=1 AND `button`=174) OR (`race`=1 AND `class`=1 AND `button`=173) OR (`race`=1 AND `class`=1 AND `button`=172) OR (`race`=1 AND `class`=1 AND `button`=171) OR (`race`=1 AND `class`=1 AND `button`=170) OR (`race`=1 AND `class`=1 AND `button`=161) OR (`race`=1 AND `class`=1 AND `button`=157) OR (`race`=1 AND `class`=1 AND `button`=156) OR (`race`=1 AND `class`=1 AND `button`=155) OR (`race`=1 AND `class`=1 AND `button`=154) OR (`race`=1 AND `class`=1 AND `button`=153) OR (`race`=1 AND `class`=1 AND `button`=150) OR (`race`=1 AND `class`=1 AND `button`=149) OR (`race`=1 AND `class`=1 AND `button`=147) OR (`race`=1 AND `class`=1 AND `button`=146) OR (`race`=1 AND `class`=1 AND `button`=145) OR (`race`=1 AND `class`=1 AND `button`=144) OR (`race`=1 AND `class`=1 AND `button`=143) OR (`race`=1 AND `class`=1 AND `button`=142) OR (`race`=1 AND `class`=1 AND `button`=140) OR (`race`=1 AND `class`=1 AND `button`=139) OR (`race`=1 AND `class`=1 AND `button`=138) OR (`race`=1 AND `class`=1 AND `button`=137) OR (`race`=1 AND `class`=1 AND `button`=136) OR (`race`=1 AND `class`=1 AND `button`=135) OR (`race`=1 AND `class`=1 AND `button`=134) OR (`race`=1 AND `class`=1 AND `button`=133) OR (`race`=1 AND `class`=1 AND `button`=131) OR (`race`=1 AND `class`=1 AND `button`=129) OR (`race`=1 AND `class`=1 AND `button`=128) OR (`race`=1 AND `class`=1 AND `button`=127) OR (`race`=1 AND `class`=1 AND `button`=124) OR (`race`=1 AND `class`=1 AND `button`=122) OR (`race`=1 AND `class`=1 AND `button`=121) OR (`race`=1 AND `class`=1 AND `button`=120) OR (`race`=1 AND `class`=1 AND `button`=118) OR (`race`=1 AND `class`=1 AND `button`=117) OR (`race`=1 AND `class`=1 AND `button`=116) OR (`race`=1 AND `class`=1 AND `button`=115) OR (`race`=1 AND `class`=1 AND `button`=114) OR (`race`=1 AND `class`=1 AND `button`=112) OR (`race`=1 AND `class`=1 AND `button`=111) OR (`race`=1 AND `class`=1 AND `button`=110) OR (`race`=1 AND `class`=1 AND `button`=109) OR (`race`=1 AND `class`=1 AND `button`=108) OR (`race`=1 AND `class`=1 AND `button`=107) OR (`race`=1 AND `class`=1 AND `button`=106) OR (`race`=1 AND `class`=1 AND `button`=104) OR (`race`=1 AND `class`=1 AND `button`=86) OR (`race`=1 AND `class`=1 AND `button`=85) OR (`race`=1 AND `class`=1 AND `button`=84) OR (`race`=1 AND `class`=1 AND `button`=83) OR (`race`=1 AND `class`=1 AND `button`=80) OR (`race`=1 AND `class`=1 AND `button`=74) OR (`race`=1 AND `class`=1 AND `button`=68) OR (`race`=1 AND `class`=1 AND `button`=67) OR (`race`=1 AND `class`=1 AND `button`=60) OR (`race`=1 AND `class`=1 AND `button`=59) OR (`race`=1 AND `class`=1 AND `button`=57) OR (`race`=1 AND `class`=1 AND `button`=55) OR (`race`=1 AND `class`=1 AND `button`=54) OR (`race`=1 AND `class`=1 AND `button`=14) OR (`race`=1 AND `class`=1 AND `button`=13) OR (`race`=1 AND `class`=1 AND `button`=12) OR (`race`=1 AND `class`=1 AND `button`=11) OR (`race`=1 AND `class`=1 AND `button`=10);
INSERT INTO `playercreateinfo_action` (`race`, `class`, `button`, `action`, `type`) VALUES
(1, 1, 179, 4022096016, 0), -- -272871280
(1, 1, 178, 105629268, 0), -- 105629268
(1, 1, 176, 108840345, 0), -- 108840345
(1, 1, 175, 4022096080, 0), -- -272871216
(1, 1, 174, 1994145280, 0), -- 1994145280
(1, 1, 173, 1848526603, 0), -- 1848526603
(1, 1, 172, 58211238, 0), -- 58211238
(1, 1, 171, 1890968280, 0), -- 1890968280
(1, 1, 170, 1890822560, 0), -- 1890822560
(1, 1, 161, 0, 0), -- 0
(1, 1, 157, 4022095876, 0), -- -272871420
(1, 1, 156, 109402838, 0), -- 109402838
(1, 1, 155, 4022096080, 0), -- -272871216
(1, 1, 154, 1777848496, 0), -- 1777848496
(1, 1, 153, 1890822560, 0), -- 1890822560
(1, 1, 150, 4022095824, 0), -- -272871472
(1, 1, 149, 4022096080, 0), -- -272871216
(1, 1, 147, 4022095792, 0), -- -272871504
(1, 1, 146, 1890962793, 0), -- 1890962793
(1, 1, 145, 1890822560, 0), -- 1890822560
(1, 1, 144, 4022096032, 0), -- -272871264
(1, 1, 143, 4294967295, 0), -- -1
(1, 1, 142, 0, 0), -- 0
(1, 1, 140, 58323585, 0), -- 58323585
(1, 1, 139, 4022095760, 0), -- -272871536
(1, 1, 138, 78632, 0), -- 78632
(1, 1, 137, 4233819536, 0), -- -61147760
(1, 1, 136, 98810132, 0), -- 98810132
(1, 1, 135, 4022095760, 0), -- -272871536
(1, 1, 134, 1890824344, 0), -- 1890824344
(1, 1, 133, 3762103372, 0), -- -532863924
(1, 1, 131, 4022096016, 0), -- -272871280
(1, 1, 129, 94570368, 0), -- 94570368
(1, 1, 128, 2341382784, 0), -- -1953584512
(1, 1, 127, 1684701927, 0), -- 1684701927
(1, 1, 124, 4022096288, 0), -- -272871008
(1, 1, 122, 105173734, 0), -- 105173734
(1, 1, 121, 4022095968, 0), -- -272871328
(1, 1, 120, 1890822560, 0), -- 1890822560
(1, 1, 118, 104543366, 0), -- 104543366
(1, 1, 117, 3754975248, 0), -- -539992048
(1, 1, 116, 3754353808, 0), -- -540613488
(1, 1, 115, 4233819664, 0), -- -61147632
(1, 1, 114, 1852, 0), -- 1852
(1, 1, 112, 58323585, 0), -- 58323585
(1, 1, 111, 4022095536, 0), -- -272871760
(1, 1, 110, 1852, 0), -- 1852
(1, 1, 109, 4233819536, 0), -- -61147760
(1, 1, 108, 105311125, 0), -- 105311125
(1, 1, 107, 4022095520, 0), -- -272871776
(1, 1, 106, 4294967290, 0), -- -6
(1, 1, 104, 1777848496, 0), -- 1777848496
(1, 1, 86, 109402195, 0), -- 109402195
(1, 1, 85, 4022095808, 0), -- -272871488
(1, 1, 84, 1890989600, 0), -- 1890989600
(1, 1, 83, 1890822560, 0), -- 1890822560
(1, 1, 80, 1890989600, 0), -- 1890989600
(1, 1, 74, 108711720, 0), -- 108711720
(1, 1, 68, 2341382784, 0), -- -1953584512
(1, 1, 67, 163736888, 0), -- 163736888
(1, 1, 60, 4022095104, 0), -- -272872192
(1, 1, 59, 2, 0), -- 2
(1, 1, 57, 4022095600, 0), -- -272871696
(1, 1, 55, 94570368, 0), -- 94570368
(1, 1, 54, 2341382784, 0), -- -1953584512
(1, 1, 14, 58106547, 0), -- 58106547
(1, 1, 13, 4022095504, 0), -- -272871792
(1, 1, 12, 4022095792, 0), -- -272871504
(1, 1, 11, 1, 0), -- 1
(1, 1, 10, 1890822560, 0); -- 1890822560

DELETE FROM `playercreateinfo` WHERE (`race`=1 AND `class`=1);
INSERT INTO `playercreateinfo` (`race`, `class`, `map`, `position_x`, `position_y`, `position_z`, `orientation`) VALUES
(1, 1, 0, -8914.5703125, -133.90899658203125, 80.53780364990234375, 0);


DELETE FROM `quest_offer_reward` WHERE `ID` IN (26393 /*26393*/, 2158 /*2158*/, 54 /*54*/, 26390 /*26390*/, 26389 /*26389*/, 26391 /*26391*/, 28823 /*28823*/, 28797 /*28797*/, 28813 /*28813*/, 28789 /*28789*/, 26913 /*26913*/, 3100 /*3100*/, 28774 /*28774*/, 28766 /*28766*/);
INSERT INTO `quest_offer_reward` (`ID`, `Emote1`, `Emote2`, `Emote3`, `Emote4`, `EmoteDelay1`, `EmoteDelay2`, `EmoteDelay3`, `EmoteDelay4`, `RewardText`, `VerifiedBuild`) VALUES
(26393, 1, 0, 0, 0, 0, 0, 0, 0, 'You have to get this note to Stormwind?  That\'s not a problem, you can take one of my gryphons!', 57564), -- 26393
(2158, 2, 0, 0, 0, 0, 0, 0, 0, 'Rest and relaxation for the tired and cold -- that\'s our motto! Please, take a seat by the fire and rest your weary bones.$B$BWould you like to try a sampling of some of our fine food and drink?', 57564), -- 2158
(54, 1, 66, 0, 0, 0, 1000, 0, 0, 'Well, it says here that you\'ve been awarded Acting Deputy Status with the Stormwind Marshals.  Congratulations.$B$BAnd good luck - keeping Elwynn safe is no picnic... what with most the army busy doing who knows what for who knows which noble!$B$BIt\'s hard to keep track of politics in these dark days...', 57564), -- 54
(26390, 396, 5, 0, 0, 0, 0, 0, 0, 'With Kurtok slain we are safe once again from the orcish hordes. I will send peasants to the pass in an attempt to seal the passage so that no more orcs may come through into our territory.$B$BYou have the thanks of Stormwind and of the Alliance, hero!', 57564), -- 26390
(26389, 4, 0, 0, 0, 0, 0, 0, 0, 'The Blackrock orcs will surely fall now that their main force has been defeated! Only one task remains.', 57564), -- 26389
(26391, 1, 5, 0, 0, 0, 0, 0, 0, 'Bless your heart, $N. You truly are a hero of the Alliance! Though the land is completely incinerated and there is nothing left of the vineyard but ash and debris, I still might be able to recover. Right? How bad can it be?', 57564), -- 26391
(28823, 1, 1, 1, 5, 0, 0, 0, 0, 'With your help we have managed to secure the northern and western sectors of Northshire. We still have a rather large contingency of Blackrock orcs to the east and they\'ve begun burning down the forest!', 57564), -- 28823
(28797, 0, 0, 0, 0, 0, 0, 0, 0, 'That will teach those monsters! They\'ll think twice before taking another mercenary job for orcs.', 57564), -- 28797
(28813, 273, 4, 0, 0, 0, 0, 0, 0, 'I think you now understand the power of the Light. The Light giveth hope, $g brother:sister; and the Light taketh from the darkness! BLESSED BE THE LIGHT!', 57564), -- 28813
(28789, 0, 0, 0, 0, 0, 0, 0, 0, 'It\'s true, we were ambushed. I don\'t dare send any more soldiers out there and risk losing them too. I need a volunteer. Someone willing to risk their life!', 57564), -- 28789
(26913, 1, 0, 0, 0, 0, 0, 0, 0, 'You\'re a quick learner, $N. Return to me as you grow stronger and I\'ll show you other combat techniques.', 57564), -- 26913
(3100, 1, 1, 0, 0, 0, 0, 0, 0, 'Get yourself squared away, learn the layout of the land, and come back to me whenever you need training. I\'ll be here night or day.$B$BThe Knights of the Silver Hand have done well in making this place fairly safe, but as you meet the other citizens, I think you\'ll find they all have problems they could use some help with--help a warrior can give them. Good luck.', 57564), -- 3100
(28774, 21, 1, 5, 0, 0, 0, 0, 0, 'Excellent work, $N. You\'ve turned out to be quite an asset to this garrison. It\'s time for you to train!', 57564), -- 28774
(28766, 1, 1, 0, 0, 0, 0, 0, 0, 'You\'ve bought us a little time, $N, but we\'ve got even bigger problems to deal with now.', 57564); -- 28766


DELETE FROM `quest_poi` WHERE (`QuestID`=26394 AND `BlobIndex`=0 AND `Idx1`=0) OR (`QuestID`=60 AND `BlobIndex`=2 AND `Idx1`=2) OR (`QuestID`=60 AND `BlobIndex`=1 AND `Idx1`=1) OR (`QuestID`=60 AND `BlobIndex`=0 AND `Idx1`=0) OR (`QuestID`=47 AND `BlobIndex`=2 AND `Idx1`=2) OR (`QuestID`=47 AND `BlobIndex`=1 AND `Idx1`=1) OR (`QuestID`=47 AND `BlobIndex`=0 AND `Idx1`=0) OR (`QuestID`=62 AND `BlobIndex`=1 AND `Idx1`=1) OR (`QuestID`=62 AND `BlobIndex`=0 AND `Idx1`=0) OR (`QuestID`=26393 AND `BlobIndex`=0 AND `Idx1`=0) OR (`QuestID`=2158 AND `BlobIndex`=0 AND `Idx1`=0) OR (`QuestID`=54 AND `BlobIndex`=0 AND `Idx1`=0) OR (`QuestID`=26390 AND `BlobIndex`=1 AND `Idx1`=1) OR (`QuestID`=26390 AND `BlobIndex`=0 AND `Idx1`=0) OR (`QuestID`=26391 AND `BlobIndex`=1 AND `Idx1`=1) OR (`QuestID`=26391 AND `BlobIndex`=0 AND `Idx1`=0) OR (`QuestID`=26389 AND `BlobIndex`=1 AND `Idx1`=1) OR (`QuestID`=26389 AND `BlobIndex`=0 AND `Idx1`=0) OR (`QuestID`=28823 AND `BlobIndex`=0 AND `Idx1`=0) OR (`QuestID`=28813 AND `BlobIndex`=1 AND `Idx1`=1) OR (`QuestID`=28813 AND `BlobIndex`=0 AND `Idx1`=0) OR (`QuestID`=28797 AND `BlobIndex`=1 AND `Idx1`=1) OR (`QuestID`=28797 AND `BlobIndex`=0 AND `Idx1`=0) OR (`QuestID`=28789 AND `BlobIndex`=0 AND `Idx1`=0) OR (`QuestID`=26913 AND `BlobIndex`=2 AND `Idx1`=2) OR (`QuestID`=26913 AND `BlobIndex`=1 AND `Idx1`=1) OR (`QuestID`=26913 AND `BlobIndex`=0 AND `Idx1`=0) OR (`QuestID`=3100 AND `BlobIndex`=0 AND `Idx1`=0) OR (`QuestID`=28774 AND `BlobIndex`=2 AND `Idx1`=2) OR (`QuestID`=28774 AND `BlobIndex`=1 AND `Idx1`=1) OR (`QuestID`=28774 AND `BlobIndex`=0 AND `Idx1`=0) OR (`QuestID`=28766 AND `BlobIndex`=1 AND `Idx1`=1) OR (`QuestID`=28766 AND `BlobIndex`=0 AND `Idx1`=0);
INSERT INTO `quest_poi` (`QuestID`, `BlobIndex`, `Idx1`, `ObjectiveIndex`, `QuestObjectiveID`, `QuestObjectID`, `MapID`, `UiMapID`, `Priority`, `Flags`, `WorldEffectID`, `PlayerConditionID`, `NavigationPlayerConditionID`, `SpawnTrackingID`, `AlwaysAllowMergingBlobs`, `VerifiedBuild`) VALUES
(26394, 0, 0, -1, 0, 0, 0, 1453, 0, 3, 0, 0, 0, 0, 0, 57564), -- 26394
(60, 2, 2, -1, 0, 0, 0, 1429, 0, 1, 0, 0, 0, 0, 0, 57564), -- 60
(60, 1, 1, 0, 380129, 772, 0, 1429, 0, 1, 0, 0, 0, 0, 0, 57564), -- 60
(60, 0, 0, 0, 380129, 772, 0, 1429, 0, 1, 0, 0, 0, 0, 0, 57564), -- 60
(47, 2, 2, -1, 0, 0, 0, 1429, 0, 1, 0, 0, 0, 0, 0, 57564), -- 47
(47, 1, 1, 0, 380018, 773, 0, 1429, 0, 1, 0, 0, 0, 0, 0, 57564), -- 47
(47, 0, 0, 0, 380018, 773, 0, 1429, 0, 1, 0, 0, 0, 0, 0, 57564), -- 47
(62, 1, 1, -1, 0, 0, 0, 1429, 0, 1, 0, 0, 0, 0, 0, 57564), -- 62
(62, 0, 0, 0, 385474, 88, 0, 1429, 0, 1, 0, 0, 0, 0, 0, 57564), -- 62
(26393, 0, 0, -1, 0, 0, 0, 1429, 0, 3, 0, 0, 0, 0, 0, 57564), -- 26393
(2158, 0, 0, -1, 0, 0, 0, 1429, 0, 1, 0, 0, 0, 0, 0, 57564), -- 2158
(54, 0, 0, -1, 0, 0, 0, 1429, 0, 1, 0, 0, 0, 0, 0, 57564), -- 54
(26390, 1, 1, -1, 0, 0, 0, 1429, 0, 1, 0, 0, 0, 0, 0, 57564), -- 26390
(26390, 0, 0, 0, 440376, 42938, 0, 1429, 0, 1, 0, 0, 0, 0, 0, 57564), -- 26390
(26391, 1, 1, -1, 0, 0, 0, 1429, 0, 3, 0, 0, 0, 0, 0, 57564), -- 26391
(26391, 0, 0, 0, 440377, 42940, 0, 1429, 0, 1, 0, 0, 0, 0, 0, 57564), -- 26391
(26389, 1, 1, -1, 0, 0, 0, 1429, 0, 1, 0, 0, 0, 0, 0, 57564), -- 26389
(26389, 0, 0, 0, 440375, 58361, 0, 1429, 0, 1, 0, 0, 0, 0, 0, 57564), -- 26389
(28823, 0, 0, -1, 0, 0, 0, 1429, 0, 1, 0, 0, 0, 0, 0, 57564), -- 28823
(28813, 1, 1, -1, 0, 0, 0, 1429, 0, 1, 0, 0, 0, 0, 0, 57564), -- 28813
(28813, 0, 0, 0, 442590, 50047, 0, 1429, 0, 1, 0, 0, 0, 0, 0, 57564), -- 28813
(28797, 1, 1, -1, 0, 0, 0, 1429, 0, 1, 0, 0, 0, 0, 0, 57564), -- 28797
(28797, 0, 0, 0, 442574, 50039, 0, 1429, 0, 1, 0, 0, 0, 0, 0, 57564), -- 28797
(28789, 0, 0, -1, 0, 0, 0, 1429, 0, 1, 0, 0, 0, 0, 0, 57564), -- 28789
(26913, 2, 2, 0, 0, 0, 0, 1429, 0, 7, 0, 0, 0, 0, 0, 57564), -- 26913
(26913, 1, 1, 0, 440864, 44175, 0, 1429, 0, 7, 0, 0, 0, 0, 0, 57564), -- 26913
(26913, 0, 0, -1, 0, 0, 0, 1429, 0, 1, 0, 0, 0, 0, 0, 57564), -- 26913
(3100, 0, 0, -1, 0, 0, 0, 1429, 0, 1, 0, 0, 0, 0, 0, 57564), -- 3100
(28774, 2, 2, -1, 0, 0, 0, 1429, 0, 1, 0, 0, 0, 0, 0, 57564), -- 28774
(28774, 1, 1, 0, 442548, 49874, 0, 1429, 0, 1, 0, 0, 0, 0, 0, 57564), -- 28774
(28774, 0, 0, 0, 442548, 49874, 0, 1429, 0, 1, 0, 0, 0, 0, 0, 57564), -- 28774
(28766, 1, 1, -1, 0, 0, 0, 1429, 0, 1, 0, 0, 0, 0, 0, 57564), -- 28766
(28766, 0, 0, 0, 442541, 49871, 0, 1429, 0, 1, 0, 0, 0, 0, 0, 57564); -- 28766

DELETE FROM `quest_poi_points` WHERE (`QuestID`=26394 AND `Idx1`=0 AND `Idx2`=0) OR (`QuestID`=60 AND `Idx1`=2 AND `Idx2`=0) OR (`QuestID`=60 AND `Idx1`=1 AND `Idx2`=8) OR (`QuestID`=60 AND `Idx1`=1 AND `Idx2`=7) OR (`QuestID`=60 AND `Idx1`=1 AND `Idx2`=6) OR (`QuestID`=60 AND `Idx1`=1 AND `Idx2`=5) OR (`QuestID`=60 AND `Idx1`=1 AND `Idx2`=4) OR (`QuestID`=60 AND `Idx1`=1 AND `Idx2`=3) OR (`QuestID`=60 AND `Idx1`=1 AND `Idx2`=2) OR (`QuestID`=60 AND `Idx1`=1 AND `Idx2`=1) OR (`QuestID`=60 AND `Idx1`=1 AND `Idx2`=0) OR (`QuestID`=60 AND `Idx1`=0 AND `Idx2`=7) OR (`QuestID`=60 AND `Idx1`=0 AND `Idx2`=6) OR (`QuestID`=60 AND `Idx1`=0 AND `Idx2`=5) OR (`QuestID`=60 AND `Idx1`=0 AND `Idx2`=4) OR (`QuestID`=60 AND `Idx1`=0 AND `Idx2`=3) OR (`QuestID`=60 AND `Idx1`=0 AND `Idx2`=2) OR (`QuestID`=60 AND `Idx1`=0 AND `Idx2`=1) OR (`QuestID`=60 AND `Idx1`=0 AND `Idx2`=0) OR (`QuestID`=47 AND `Idx1`=2 AND `Idx2`=0) OR (`QuestID`=47 AND `Idx1`=1 AND `Idx2`=8) OR (`QuestID`=47 AND `Idx1`=1 AND `Idx2`=7) OR (`QuestID`=47 AND `Idx1`=1 AND `Idx2`=6) OR (`QuestID`=47 AND `Idx1`=1 AND `Idx2`=5) OR (`QuestID`=47 AND `Idx1`=1 AND `Idx2`=4) OR (`QuestID`=47 AND `Idx1`=1 AND `Idx2`=3) OR (`QuestID`=47 AND `Idx1`=1 AND `Idx2`=2) OR (`QuestID`=47 AND `Idx1`=1 AND `Idx2`=1) OR (`QuestID`=47 AND `Idx1`=1 AND `Idx2`=0) OR (`QuestID`=47 AND `Idx1`=0 AND `Idx2`=7) OR (`QuestID`=47 AND `Idx1`=0 AND `Idx2`=6) OR (`QuestID`=47 AND `Idx1`=0 AND `Idx2`=5) OR (`QuestID`=47 AND `Idx1`=0 AND `Idx2`=4) OR (`QuestID`=47 AND `Idx1`=0 AND `Idx2`=3) OR (`QuestID`=47 AND `Idx1`=0 AND `Idx2`=2) OR (`QuestID`=47 AND `Idx1`=0 AND `Idx2`=1) OR (`QuestID`=47 AND `Idx1`=0 AND `Idx2`=0) OR (`QuestID`=62 AND `Idx1`=1 AND `Idx2`=0) OR (`QuestID`=62 AND `Idx1`=0 AND `Idx2`=5) OR (`QuestID`=62 AND `Idx1`=0 AND `Idx2`=4) OR (`QuestID`=62 AND `Idx1`=0 AND `Idx2`=3) OR (`QuestID`=62 AND `Idx1`=0 AND `Idx2`=2) OR (`QuestID`=62 AND `Idx1`=0 AND `Idx2`=1) OR (`QuestID`=62 AND `Idx1`=0 AND `Idx2`=0) OR (`QuestID`=26393 AND `Idx1`=0 AND `Idx2`=0) OR (`QuestID`=2158 AND `Idx1`=0 AND `Idx2`=0) OR (`QuestID`=54 AND `Idx1`=0 AND `Idx2`=0) OR (`QuestID`=26390 AND `Idx1`=1 AND `Idx2`=0) OR (`QuestID`=26390 AND `Idx1`=0 AND `Idx2`=0) OR (`QuestID`=26391 AND `Idx1`=1 AND `Idx2`=0) OR (`QuestID`=26391 AND `Idx1`=0 AND `Idx2`=10) OR (`QuestID`=26391 AND `Idx1`=0 AND `Idx2`=9) OR (`QuestID`=26391 AND `Idx1`=0 AND `Idx2`=8) OR (`QuestID`=26391 AND `Idx1`=0 AND `Idx2`=7) OR (`QuestID`=26391 AND `Idx1`=0 AND `Idx2`=6) OR (`QuestID`=26391 AND `Idx1`=0 AND `Idx2`=5) OR (`QuestID`=26391 AND `Idx1`=0 AND `Idx2`=4) OR (`QuestID`=26391 AND `Idx1`=0 AND `Idx2`=3) OR (`QuestID`=26391 AND `Idx1`=0 AND `Idx2`=2) OR (`QuestID`=26391 AND `Idx1`=0 AND `Idx2`=1) OR (`QuestID`=26391 AND `Idx1`=0 AND `Idx2`=0) OR (`QuestID`=26389 AND `Idx1`=1 AND `Idx2`=0) OR (`QuestID`=26389 AND `Idx1`=0 AND `Idx2`=9) OR (`QuestID`=26389 AND `Idx1`=0 AND `Idx2`=8) OR (`QuestID`=26389 AND `Idx1`=0 AND `Idx2`=7) OR (`QuestID`=26389 AND `Idx1`=0 AND `Idx2`=6) OR (`QuestID`=26389 AND `Idx1`=0 AND `Idx2`=5) OR (`QuestID`=26389 AND `Idx1`=0 AND `Idx2`=4) OR (`QuestID`=26389 AND `Idx1`=0 AND `Idx2`=3) OR (`QuestID`=26389 AND `Idx1`=0 AND `Idx2`=2) OR (`QuestID`=26389 AND `Idx1`=0 AND `Idx2`=1) OR (`QuestID`=26389 AND `Idx1`=0 AND `Idx2`=0) OR (`QuestID`=28823 AND `Idx1`=0 AND `Idx2`=0) OR (`QuestID`=28813 AND `Idx1`=1 AND `Idx2`=0) OR (`QuestID`=28813 AND `Idx1`=0 AND `Idx2`=7) OR (`QuestID`=28813 AND `Idx1`=0 AND `Idx2`=6) OR (`QuestID`=28813 AND `Idx1`=0 AND `Idx2`=5) OR (`QuestID`=28813 AND `Idx1`=0 AND `Idx2`=4) OR (`QuestID`=28813 AND `Idx1`=0 AND `Idx2`=3) OR (`QuestID`=28813 AND `Idx1`=0 AND `Idx2`=2) OR (`QuestID`=28813 AND `Idx1`=0 AND `Idx2`=1) OR (`QuestID`=28813 AND `Idx1`=0 AND `Idx2`=0) OR (`QuestID`=28797 AND `Idx1`=1 AND `Idx2`=0) OR (`QuestID`=28797 AND `Idx1`=0 AND `Idx2`=6) OR (`QuestID`=28797 AND `Idx1`=0 AND `Idx2`=5) OR (`QuestID`=28797 AND `Idx1`=0 AND `Idx2`=4) OR (`QuestID`=28797 AND `Idx1`=0 AND `Idx2`=3) OR (`QuestID`=28797 AND `Idx1`=0 AND `Idx2`=2) OR (`QuestID`=28797 AND `Idx1`=0 AND `Idx2`=1) OR (`QuestID`=28797 AND `Idx1`=0 AND `Idx2`=0) OR (`QuestID`=28789 AND `Idx1`=0 AND `Idx2`=0) OR (`QuestID`=26913 AND `Idx1`=2 AND `Idx2`=0) OR (`QuestID`=26913 AND `Idx1`=1 AND `Idx2`=0) OR (`QuestID`=26913 AND `Idx1`=0 AND `Idx2`=0) OR (`QuestID`=3100 AND `Idx1`=0 AND `Idx2`=0) OR (`QuestID`=28774 AND `Idx1`=2 AND `Idx2`=0) OR (`QuestID`=28774 AND `Idx1`=1 AND `Idx2`=6) OR (`QuestID`=28774 AND `Idx1`=1 AND `Idx2`=5) OR (`QuestID`=28774 AND `Idx1`=1 AND `Idx2`=4) OR (`QuestID`=28774 AND `Idx1`=1 AND `Idx2`=3) OR (`QuestID`=28774 AND `Idx1`=1 AND `Idx2`=2) OR (`QuestID`=28774 AND `Idx1`=1 AND `Idx2`=1) OR (`QuestID`=28774 AND `Idx1`=1 AND `Idx2`=0) OR (`QuestID`=28774 AND `Idx1`=0 AND `Idx2`=3) OR (`QuestID`=28774 AND `Idx1`=0 AND `Idx2`=2) OR (`QuestID`=28774 AND `Idx1`=0 AND `Idx2`=1) OR (`QuestID`=28774 AND `Idx1`=0 AND `Idx2`=0) OR (`QuestID`=28766 AND `Idx1`=1 AND `Idx2`=0) OR (`QuestID`=28766 AND `Idx1`=0 AND `Idx2`=9) OR (`QuestID`=28766 AND `Idx1`=0 AND `Idx2`=8) OR (`QuestID`=28766 AND `Idx1`=0 AND `Idx2`=7) OR (`QuestID`=28766 AND `Idx1`=0 AND `Idx2`=6) OR (`QuestID`=28766 AND `Idx1`=0 AND `Idx2`=5) OR (`QuestID`=28766 AND `Idx1`=0 AND `Idx2`=4) OR (`QuestID`=28766 AND `Idx1`=0 AND `Idx2`=3) OR (`QuestID`=28766 AND `Idx1`=0 AND `Idx2`=2) OR (`QuestID`=28766 AND `Idx1`=0 AND `Idx2`=1) OR (`QuestID`=28766 AND `Idx1`=0 AND `Idx2`=0);
INSERT INTO `quest_poi_points` (`QuestID`, `Idx1`, `Idx2`, `X`, `Y`, `Z`, `VerifiedBuild`) VALUES
(26394, 0, 0, -8702, 382, 0, 57564), -- 26394
(60, 2, 0, -9460, 32, 0, 57564), -- 60
(60, 1, 8, -9954, 221, 0, 57564), -- 60
(60, 1, 7, -9884, 267, 0, 57564), -- 60
(60, 1, 6, -9850, 283, 0, 57564), -- 60
(60, 1, 5, -9778, 281, 0, 57564), -- 60
(60, 1, 4, -9745, 189, 0, 57564), -- 60
(60, 1, 3, -9732, 118, 0, 57564), -- 60
(60, 1, 2, -9746, 88, 0, 57564), -- 60
(60, 1, 1, -9784, 85, 0, 57564), -- 60
(60, 1, 0, -9823, 83, 0, 57564), -- 60
(60, 0, 7, -9351, -685, 0, 57564), -- 60
(60, 0, 6, -9318, -584, 0, 57564), -- 60
(60, 0, 5, -9283, -554, 0, 57564), -- 60
(60, 0, 4, -9088, -557, 0, 57564), -- 60
(60, 0, 3, -9077, -584, 0, 57564), -- 60
(60, 0, 2, -9080, -587, 0, 57564), -- 60
(60, 0, 1, -9240, -714, 0, 57564), -- 60
(60, 0, 0, -9317, -717, 0, 57564), -- 60
(47, 2, 0, -9496, 73, 0, 57564), -- 47
(47, 1, 8, -9954, 221, 0, 57564), -- 47
(47, 1, 7, -9884, 267, 0, 57564), -- 47
(47, 1, 6, -9850, 283, 0, 57564), -- 47
(47, 1, 5, -9778, 281, 0, 57564), -- 47
(47, 1, 4, -9745, 189, 0, 57564), -- 47
(47, 1, 3, -9732, 118, 0, 57564), -- 47
(47, 1, 2, -9746, 88, 0, 57564), -- 47
(47, 1, 1, -9784, 85, 0, 57564), -- 47
(47, 1, 0, -9823, 83, 0, 57564), -- 47
(47, 0, 7, -9351, -685, 0, 57564), -- 47
(47, 0, 6, -9318, -584, 0, 57564), -- 47
(47, 0, 5, -9283, -554, 0, 57564), -- 47
(47, 0, 4, -9088, -557, 0, 57564), -- 47
(47, 0, 3, -9077, -584, 0, 57564), -- 47
(47, 0, 2, -9080, -587, 0, 57564), -- 47
(47, 0, 1, -9240, -714, 0, 57564), -- 47
(47, 0, 0, -9317, -717, 0, 57564), -- 47
(62, 1, 0, -9466, 74, 0, 57564), -- 62
(62, 0, 5, -9880, 128, 0, 57564), -- 62
(62, 0, 4, -9844, 164, 0, 57564), -- 62
(62, 0, 3, -9796, 194, 0, 57564), -- 62
(62, 0, 2, -9760, 158, 0, 57564), -- 62
(62, 0, 1, -9796, 122, 0, 57564), -- 62
(62, 0, 0, -9844, 92, 0, 57564), -- 62
(26393, 0, 0, -9436, 88, 0, 57564), -- 26393
(2158, 0, 0, -9463, 16, 0, 57564), -- 2158
(54, 0, 0, -9466, 74, 0, 57564), -- 54
(26390, 1, 0, -8940, -133, 0, 57564), -- 26390
(26390, 0, 0, -8858, -456, 0, 57564), -- 26390
(26391, 1, 0, -8929, -149, 0, 57564), -- 26391
(26391, 0, 10, -9069, -381, 0, 57564), -- 26391
(26391, 0, 9, -9102, -363, 0, 57564), -- 26391
(26391, 0, 8, -9126, -339, 0, 57564), -- 26391
(26391, 0, 7, -9117, -326, 0, 57564), -- 26391
(26391, 0, 6, -9093, -303, 0, 57564), -- 26391
(26391, 0, 5, -9078, -289, 0, 57564), -- 26391
(26391, 0, 4, -9064, -279, 0, 57564), -- 26391
(26391, 0, 3, -9035, -306, 0, 57564), -- 26391
(26391, 0, 2, -9015, -332, 0, 57564), -- 26391
(26391, 0, 1, -9030, -351, 0, 57564), -- 26391
(26391, 0, 0, -9060, -384, 0, 57564), -- 26391
(26389, 1, 0, -8940, -133, 0, 57564), -- 26389
(26389, 0, 9, -9042, -448, 0, 57564), -- 26389
(26389, 0, 8, -9113, -410, 0, 57564), -- 26389
(26389, 0, 7, -9133, -356, 0, 57564), -- 26389
(26389, 0, 6, -9139, -325, 0, 57564), -- 26389
(26389, 0, 5, -9116, -257, 0, 57564), -- 26389
(26389, 0, 4, -9103, -219, 0, 57564), -- 26389
(26389, 0, 3, -8886, -360, 0, 57564), -- 26389
(26389, 0, 2, -8863, -382, 0, 57564), -- 26389
(26389, 0, 1, -8881, -436, 0, 57564), -- 26389
(26389, 0, 0, -8923, -453, 0, 57564), -- 26389
(28823, 0, 0, -8913, -137, 0, 57564), -- 28823
(28813, 1, 0, -8823, -150, 0, 57564), -- 28813
(28813, 0, 7, -8810, -219, 0, 57564), -- 28813
(28813, 0, 6, -8793, -113, 0, 57564), -- 28813
(28813, 0, 5, -8766, -93, 0, 57564), -- 28813
(28813, 0, 4, -8736, -95, 0, 57564), -- 28813
(28813, 0, 3, -8715, -113, 0, 57564), -- 28813
(28813, 0, 2, -8724, -162, 0, 57564), -- 28813
(28813, 0, 1, -8752, -250, 0, 57564), -- 28813
(28813, 0, 0, -8786, -263, 0, 57564), -- 28813
(28797, 1, 0, -8828, -159, 0, 57564), -- 28797
(28797, 0, 6, -8809, -257, 0, 57564), -- 28797
(28797, 0, 5, -8826, -213, 0, 57564), -- 28797
(28797, 0, 4, -8771, -102, 0, 57564), -- 28797
(28797, 0, 3, -8752, -89, 0, 57564), -- 28797
(28797, 0, 2, -8691, -78, 0, 57564), -- 28797
(28797, 0, 1, -8728, -201, 0, 57564), -- 28797
(28797, 0, 0, -8767, -279, 0, 57564), -- 28797
(28789, 0, 0, -8828, -159, 0, 57564), -- 28789
(26913, 2, 0, -8954, -176, 0, 57564), -- 26913
(26913, 1, 0, -8921, -201, 0, 57564), -- 26913
(26913, 0, 0, -8918, -208, 0, 57564), -- 26913
(3100, 0, 0, -8918, -208, 0, 57564), -- 3100
(28774, 2, 0, -8913, -137, 0, 57564), -- 28774
(28774, 1, 6, -8962, -60, 0, 57564), -- 28774
(28774, 1, 5, -8978, -39, 0, 57564), -- 28774
(28774, 1, 4, -8841, -36, 0, 57564), -- 28774
(28774, 1, 3, -8795, -45, 0, 57564), -- 28774
(28774, 1, 2, -8784, -79, 0, 57564), -- 28774
(28774, 1, 1, -8791, -87, 0, 57564), -- 28774
(28774, 1, 0, -8831, -124, 0, 57564), -- 28774
(28774, 0, 3, -9024, -166, 0, 57564), -- 28774
(28774, 0, 2, -8967, -182, 0, 57564), -- 28774
(28774, 0, 1, -8931, -242, 0, 57564), -- 28774
(28774, 0, 0, -8949, -242, 0, 57564), -- 28774
(28766, 1, 0, -8913, -137, 0, 57564), -- 28766
(28766, 0, 9, -8915, -285, 0, 57564), -- 28766
(28766, 0, 8, -8985, -248, 0, 57564), -- 28766
(28766, 0, 7, -9084, -181, 0, 57564), -- 28766
(28766, 0, 6, -8981, -53, 0, 57564), -- 28766
(28766, 0, 5, -8953, -44, 0, 57564), -- 28766
(28766, 0, 4, -8921, -41, 0, 57564), -- 28766
(28766, 0, 3, -8751, -34, 0, 57564), -- 28766
(28766, 0, 2, -8716, -149, 0, 57564), -- 28766
(28766, 0, 1, -8755, -288, 0, 57564), -- 28766
(28766, 0, 0, -8837, -305, 0, 57564); -- 28766


DELETE FROM `quest_details` WHERE `ID` IN (26394 /*26394*/, 60 /*60*/, 47 /*47*/, 62 /*62*/, 26393 /*26393*/, 2158 /*2158*/, 54 /*54*/, 26390 /*26390*/, 26391 /*26391*/, 26389 /*26389*/, 28823 /*28823*/, 28813 /*28813*/, 28797 /*28797*/, 28789 /*28789*/, 26913 /*26913*/, 3100 /*3100*/, 28774 /*28774*/, 28766 /*28766*/);
INSERT INTO `quest_details` (`ID`, `Emote1`, `Emote2`, `Emote3`, `Emote4`, `EmoteDelay1`, `EmoteDelay2`, `EmoteDelay3`, `EmoteDelay4`, `VerifiedBuild`) VALUES
(26394, 1, 0, 0, 0, 0, 0, 0, 0, 57564), -- 26394
(60, 0, 0, 0, 0, 0, 0, 0, 0, 57564), -- 60
(47, 0, 0, 0, 0, 0, 0, 0, 0, 57564), -- 47
(62, 0, 0, 0, 0, 0, 0, 0, 0, 57564), -- 62
(26393, 1, 0, 0, 0, 0, 0, 0, 0, 57564), -- 26393
(2158, 1, 1, 0, 0, 0, 0, 0, 0, 57564), -- 2158
(54, 1, 0, 0, 0, 0, 0, 0, 0, 57564), -- 54
(26390, 1, 1, 0, 0, 0, 0, 0, 0, 57564), -- 26390
(26391, 1, 1, 20, 0, 0, 0, 0, 0, 57564), -- 26391
(26389, 1, 1, 1, 0, 0, 0, 0, 0, 57564), -- 26389
(28823, 0, 0, 0, 0, 0, 0, 0, 0, 57564), -- 28823
(28813, 6, 5, 5, 20, 0, 0, 0, 0, 57564), -- 28813
(28797, 0, 0, 0, 0, 0, 0, 0, 0, 57564), -- 28797
(28789, 1, 1, 1, 1, 0, 0, 0, 0, 57564), -- 28789
(26913, 1, 1, 0, 0, 0, 0, 0, 0, 57564), -- 26913
(3100, 1, 0, 0, 0, 0, 0, 0, 0, 57564), -- 3100
(28774, 274, 1, 25, 5, 0, 0, 0, 0, 57564), -- 28774
(28766, 6, 2, 1, 5, 0, 0, 0, 0, 57564); -- 28766


DELETE FROM `creature_queststarter` WHERE (`id`=197 AND `quest`=28780) OR (`id`=197 AND `quest`=28784) OR (`id`=197 AND `quest`=28785) OR (`id`=197 AND `quest`=28786) OR (`id`=197 AND `quest`=28787)  OR (`id`=197 AND `quest`=28788) OR (`id`=197 AND `quest`=28789) OR (`id`=197 AND `quest`=29080) OR (`id`=42983 AND `quest`=26394) OR (`id`=253 AND `quest`=60) OR (`id`=241 AND `quest`=47) OR (`id`=240 AND `quest`=62) OR (`id`=514 AND `quest`=26393) OR (`id`=6774 AND `quest`=2158) OR (`id`=197 AND `quest` IN (54,26390,26389,3100,28774,28766)) OR (`id`=9296 AND `quest`=26391) OR (`id`=823 AND `quest` IN (28823,28797)) OR (`id`=951 AND `quest`=28813) OR (`id`=911 AND `quest` IN (28789,26913));
INSERT INTO `creature_queststarter` (`id`, `quest`, `VerifiedBuild`) VALUES
(42983, 26394, 57564), -- 26394 offered by 42983
(253, 60, 57564), -- 60 offered by 253
(241, 47, 57564), -- 47 offered by 241
(240, 62, 57564), -- 62 offered by 240
(514, 26393, 57564), -- 26393 offered by 514
(6774, 2158, 57564), -- 2158 offered by 6774
(197, 54, 57564), -- 54 offered by 197
(197, 26390, 57564), -- 26390 offered by 197
(9296, 26391, 57564), -- 26391 offered by 9296
(197, 26389, 57564), -- 26389 offered by 197
(823, 28823, 57564), -- 28823 offered by 823
(951, 28813, 57564), -- 28813 offered by 951
(823, 28797, 57564), -- 28797 offered by 823
(911, 28789, 57564), -- 28789 offered by 911
(911, 26913, 57564), -- 26913 offered by 911
(197, 3100, 57564), -- 3100 offered by 197
(197, 3102, 57654),
(197, 3105, 57564),
(197, 3103, 57564),
(197, 3104, 57654),
(197, 26910, 57654),
(197, 28774, 57564), -- 28774 offered by 197
(197, 28766, 57564); -- 28766 offered by 197


DELETE FROM `creature_questender` WHERE (`id`=42983 AND `quest`=26393) OR (`id`=295 AND `quest`=2158) OR (`id`=241 AND `quest`=47) OR (`id`=240 AND `quest`=54) OR (`id`=197 AND `quest` IN (26390,26389,28823,28774,28766)) OR (`id`=9296 AND `quest`=26391) OR (`id`=823 AND `quest` IN (28797,28789)) OR (`id`=951 AND `quest`=28813) OR (`id`=911 AND `quest` IN (26913,3100));
INSERT INTO `creature_questender` (`id`, `quest`, `VerifiedBuild`) VALUES
(42983, 26393, 57564), -- 26393 ended by 42983
(295, 2158, 57564), -- 2158 ended by 295
(241, 47, 57564), -- 47 ended by 241
(240, 54, 57564), -- 54 ended by 240
(197, 26390, 57564), -- 26390 ended by 197
(197, 26389, 57564), -- 26389 ended by 197
(9296, 26391, 57564), -- 26391 ended by 9296
(197, 28823, 57564), -- 28823 ended by 197
(823, 28797, 57564), -- 28797 ended by 823
(951, 28813, 57564), -- 28813 ended by 951
(823, 28789, 57564), -- 28789 ended by 823
(911, 26913, 57564), -- 26913 ended by 911
(911, 3100, 57564), -- 3100 ended by 911
(197, 28774, 57564), -- 28774 ended by 197
(197, 28766, 57564); -- 28766 ended by 197


DELETE FROM `creature_template_addon` WHERE `entry` IN (395 /*395*/, 583 /*583*/, 116 /*116*/, 3937 /*3937*/, 173754 /*173754*/, 6508 /*6508 - 57894, 14108*/, 1428 /*1428*/, 2457 /*2457*/, 1301 /*1301 - 60913*/, 1299 /*1299 - 60913*/, 6740 /*6740*/, 1431 /*1431*/, 2456 /*2456*/, 1298 /*1298*/, 2455 /*2455*/, 277 /*277*/, 1297 /*1297 - 60913*/, 687 /*687 - 17217, 19581, 34902, 57894, 87887, 34666, 34667, 34675, 20782, 8875, 19580, 19582, 19589, 19591, 20784, 53397, 55566, 65220, 83408, 83727, 88680, 94003, 89446, 61017, 34904, 34903, 61683, 53184, 19596, 52858, 53205*/, 52359 /*52359 - 46598, 96847*/, 52358 /*52358*/, 52361 /*52361 - 46598, 96850, 16245*/, 17280 /*17280 - 17223, 19581, 34902, 87887, 34666, 34667, 34675, 20782, 8875, 19580, 19582, 19589, 19591, 20784, 53397, 55566, 65220, 83408, 83727, 88680, 94003, 89446, 61017, 34904, 34903, 61683, 53186, 53184, 52858, 53205*/, 31216 /*31216 - 65220, 61679*/, 3520 /*3520*/, 2533 /*2533*/, 2532 /*2532*/, 4961 /*4961*/, 1721 /*1721*/, 3626 /*3626*/, 51938 /*51938*/, 13018 /*13018*/, 50088 /*50088*/, 49908 /*49908*/, 49907 /*49907*/, 46153 /*46153 - 87887*/, 1412 /*1412*/, 10200 /*10200 - 57894, 24450*/, 44395 /*44395*/, 43840 /*43840 - 82020*/, 834 /*834 - 57894, 87887*/, 43825 /*43825*/, 43823 /*43823*/, 43824 /*43824*/, 43725 /*43725*/, 3504 /*3504*/, 2331 /*2331*/, 2330 /*2330*/, 43842 /*43842*/, 5509 /*5509*/, 43724 /*43724*/, 1416 /*1416*/, 7232 /*7232*/, 43841 /*43841*/, 47688 /*47688 - 18950*/, 43723 /*43723*/, 43690 /*43690*/, 521 /*521 - 17223, 19581, 34902, 87887, 34666, 34667, 34675, 20782, 8875, 19580, 19582, 19589, 19591, 20784, 53397, 55566, 65220, 83408, 83727, 88680, 94003, 89446, 61017, 34904, 34903, 61683, 53183*/, 5514 /*5514*/, 11026 /*11026*/, 18670 /*18670 - 17223, 19581, 34902, 57894, 34666, 34667, 34675, 20782, 8875, 19580, 19582, 19589, 19591, 20784, 34903, 34904, 53397, 55566, 61017, 65220, 87887, 83408, 83727, 88680, 94003, 89446, 61683, 53186, 53184, 52858, 53205, 62760*/, 5513 /*5513*/, 14563 /*14563*/, 20407 /*20407*/, 48633 /*48633 - 89481*/, 44394 /*44394*/, 44393 /*44393*/, 43034 /*43034*/, 5519 /*5519*/, 5518 /*5518*/, 48634 /*48634 - 89481*/, 44236 /*44236*/, 44235 /*44235*/, 56097 /*56097*/, 6579 /*6579*/, 45306 /*45306*/, 14439 /*14439 - 18950*/, 29725 /*29725*/, 7798 /*7798*/, 957 /*957*/, 5413 /*5413*/, 5511 /*5511*/, 5510 /*5510*/, 5512 /*5512*/, 11069 /*11069*/, 1472 /*1472*/, 44392 /*44392*/, 5517 /*5517*/, 5515 /*5515*/, 5516 /*5516*/, 2879 /*2879*/, 58167 /*58167*/, 656 /*656*/, 54219 /*54219*/, 54218 /*54218*/, 54215 /*54215*/, 1756 /*1756*/, 54214 /*54214*/, 53991 /*53991*/, 53641 /*53641*/, 5384 /*5384*/, 54217 /*54217*/, 54216 /*54216*/, 1478 /*1478*/, 1477 /*1477*/, 55684 /*55684*/, 38821 /*38821*/, 1395 /*1395*/, 1333 /*1333 - 60913*/, 2795 /*2795*/, 1339 /*1339 - 60913*/, 2198 /*2198*/, 1320 /*1320*/, 1292 /*1292*/, 23050 /*23050*/, 11096 /*11096*/, 5565 /*5565*/, 42722 /*42722 - 19581, 34902, 87887, 89601, 34666, 34667, 34675, 20782, 8875, 19580, 19582, 19589, 19591, 20784, 53397, 55566, 65220, 83408, 83727, 88680, 94003, 89446, 61017, 34904, 34903, 61683, 61686, 53184, 61681*/, 5564 /*5564 - 60913*/, 1321 /*1321*/, 1319 /*1319 - 60913*/, 14438 /*14438 - 18950*/, 44582 /*44582*/, 50480 /*50480*/, 44583 /*44583*/, 29142 /*29142*/, 14423 /*14423 - 18950*/, 1402 /*1402*/, 44774 /*44774*/, 3518 /*3518*/, 44773 /*44773*/, 8670 /*8670*/, 8719 /*8719*/, 20748 /*20748 - 17223, 19581, 34902, 34666, 34667, 34675, 20782, 8875, 19580, 19582, 19589, 19591, 20784, 34903, 34904, 53397, 55566, 61017, 65220, 87887, 83408, 83727, 88680, 94003, 89446, 61683, 53184, 19596, 52858, 53205*/, 1294 /*1294*/, 1295 /*1295 - 60913*/, 1291 /*1291*/, 15659 /*15659*/, 14430 /*14430 - 17210, 19581, 34902, 87887, 34666, 34667, 34675, 20782, 8875, 19580, 19582, 19589, 19591, 20784, 53397, 55566, 65220, 83408, 83727, 88680, 94003, 89446, 61017, 34904, 34903*/, 1427 /*1427*/, 1558 /*1558 - 17214, 19581, 34902, 57894, 24529, 87891, 34666, 34667, 34675, 20782, 8875, 19580, 19582, 19589, 19591, 20784, 53397, 55566, 65220, 83408, 83727, 88680, 94003, 89446, 61017, 34904, 34903, 61683, 19596, 53182*/, 417 /*417 - 18738, 18739, 34947, 34956, 61679, 54424, 18730, 19007, 34957, 34958, 35697, 35695, 61013, 32233, 89953, 91702*/, 29238 /*29238 - 52970, 53772*/, 1289 /*1289*/, 1287 /*1287 - 60913*/, 49748 /*49748*/, 12481 /*12481*/, 12480 /*12480*/, 21956 /*21956 - 17223, 19581, 34902, 87887, 34666, 34667, 34675, 20782, 8875, 19580, 19582, 19589, 19591, 20784, 53397, 55566, 65220, 83408, 83727, 88680, 94003, 89446, 61017, 34904, 34903, 61683, 61688, 53184, 52858, 53205*/, 510 /*510 - 44559, 65220, 89764*/, 17252 /*17252 - 30148, 30149, 34947, 34956, 61679, 53646, 25228, 30147, 32233, 34957, 34958, 35697, 35695, 61013, 89953, 91702*/, 32639 /*32639 - 61424*/, 32638 /*32638 - 61424*/, 18476 /*18476 - 17223, 19581, 34902, 34666, 34667, 34675, 20782, 8875, 19580, 19582, 19589, 19591, 20784, 34903, 34904, 53397, 55566, 61017, 65220, 87887, 83408, 83727, 88680, 94003, 89446, 61683, 53184, 52858, 53205*/, 29172 /*29172*/, 45450 /*45450 - 17223, 19581, 34902, 57894, 87887, 34666, 34667, 34675, 20782, 8875, 19580, 19582, 19589, 19591, 20784, 53397, 55566, 65220, 83408, 83727, 88680, 94003, 89446, 61017, 34904, 34903, 61683, 53184, 19596, 52858, 53205*/, 1275 /*1275 - 60913*/, 1257 /*1257*/, 279 /*279*/, 43820 /*43820*/, 43819 /*43819*/, 43822 /*43822*/, 26125 /*26125 - 110474, 65221, 62137, 54566, 51996, 61697*/, 51440 /*51440*/, 5193 /*5193*/, 1432 /*1432*/, 6174 /*6174*/, 4974 /*4974*/, 46602 /*46602*/, 466 /*466*/, 48632 /*48632*/, 1286 /*1286 - 60913*/, 1285 /*1285*/, 50669 /*50669*/, 51348 /*51348*/, 42421 /*42421*/, 482 /*482*/, 12785 /*12785*/, 12784 /*12784*/, 483 /*483*/, 50523 /*50523*/, 2334 /*2334*/, 50525 /*50525 - 46598*/, 4981 /*4981 - 60913*/, 50524 /*50524*/, 42339 /*42339*/, 52537 /*52537*/, 12781 /*12781*/, 12778 /*12778 - 5301*/, 49540 /*49540*/, 18927 /*18927 - 65523, 33209, 33207, 33208*/, 12787 /*12787 - 5301*/, 12786 /*12786 - 5301*/, 49877 /*49877*/, 52030 /*52030*/, 52029 /*52029*/, 35477 /*35477*/, 1302 /*1302 - 60913*/, 12780 /*12780*/, 12779 /*12779*/, 15103 /*15103*/, 19848 /*19848 - 5301*/, 52546 /*52546 - 5301*/, 52545 /*52545 - 5301*/, 1303 /*1303*/, 4075 /*4075*/, 18406 /*18406*/, 18362 /*18362*/, 43769 /*43769*/, 43768 /*43768*/, 18360 /*18360*/, 18359 /*18359*/, 18357 /*18357*/, 18376 /*18376*/, 18375 /*18375*/, 1976 /*1976*/, 352 /*352*/, 14394 /*14394*/, 32520 /*32520*/, 14721 /*14721*/, 37574 /*37574*/, 37543 /*37543*/, 17804 /*17804*/, 28571 /*28571*/, 4959 /*4959*/, 28572 /*28572*/, 28569 /*28569*/, 28596 /*28596*/, 1860 /*1860 - 18735, 18742, 34947, 34956, 18727, 34957, 34958, 35697, 35695, 61013, 89953, 91702, 32233*/, 113 /*113*/, 66 /*66*/, 913 /*913*/, 47384 /*47384*/, 46985 /*46985*/, 46983 /*46983*/, 46982 /*46982*/, 927 /*927*/, 796 /*796*/, 74 /*74*/, 795 /*795*/, 797 /*797*/, 54 /*54*/, 241 /*241*/, 2046 /*2046*/, 514 /*514*/, 42983 /*42983*/, 240 /*240*/, 11940 /*11940*/, 6749 /*6749*/, 5406 /*5406*/, 620 /*620*/, 328 /*328*/, 377 /*377*/, 253 /*253*/, 6778 /*6778*/, 2329 /*2329*/, 917 /*917*/, 295 /*295*/, 151 /*151*/, 6374 /*6374*/, 906 /*906*/, 3935 /*3935*/, 6121 /*6121*/, 465 /*465*/, 1430 /*1430*/, 794 /*794*/, 1651 /*1651*/, 383 /*383*/, 6306 /*6306*/, 804 /*804*/, 811 /*811*/, 810 /*810*/, 807 /*807*/, 806 /*806*/, 805 /*805*/, 1632 /*1632*/, 13321 /*13321*/, 6774 /*6774*/, 42938 /*42938*/, 42937 /*42937*/, 1642 /*1642 - 18950*/, 11260 /*11260*/, 42940 /*42940 - 80175*/, 462 /*462 - 17209, 19581, 34902, 87887, 34666, 34667, 34675, 20782, 8875, 19580, 19582, 19589, 19591, 20784, 53397, 55566, 65220, 83408, 83727, 88680, 94003, 89446, 61017, 34904, 34903*/, 50378 /*50378*/, 50047 /*50047 - 93096*/, 50039 /*50039 - 93046*/, 915 /*915*/, 42944 /*42944*/, 823 /*823 - 104945*/, 951 /*951*/, 6373 /*6373*/, 12922 /*12922*/, 911 /*911*/, 198 /*198*/, 24110 /*24110*/, 375 /*375*/, 925 /*925*/, 459 /*459*/, 196 /*196*/, 952 /*952*/, 49874 /*49874 - 92857*/, 49871 /*49871*/, 49869 /*49869*/, 43292 /*43292*/, 43291 /*43291*/, 43278 /*43278*/, 197 /*197*/, 190 /*190*/, 1213 /*1213*/, 42717 /*42717 - 17223, 19581, 34902, 82357, 87887, 34666, 34667, 34675, 20782, 8875, 19580, 19582, 19589, 19591, 20784, 53397, 55566, 65220, 83408, 83727, 88680, 94003, 89446, 61017, 34904, 34903*/, 5403 /*5403*/, 42218 /*42218*/, 9296 /*9296*/, 78 /*78*/, 416 /*416 - 18737, 18740, 34947, 34956, 18728, 34957, 34958, 35697, 35695, 54278, 61013, 89953, 91702*/, 42216 /*42216*/, 152 /*152*/, 44564 /*44564*/, 6367 /*6367*/, 7385 /*7385 - 96573*/, 7381 /*7381 - 96573*/, 7384 /*7384 - 96573*/, 7382 /*7382 - 96573*/, 525 /*525*/, 299 /*299*/, 6368 /*6368*/, 44548 /*44548 - 83470*/, 94 /*94*/, 5917 /*5917*/, 30 /*30 - 11959*/, 1933 /*1933*/, 2442 /*2442*/, 1423 /*1423*/, 890 /*890*/, 883 /*883*/, 721 /*721*/, 68 /*68*/);
INSERT INTO `creature_template_addon` (`entry`, `PathId`, `mount`, `StandState`, `AnimTier`, `VisFlags`, `SheathState`, `PvpFlags`, `emote`, `aiAnimKit`, `movementAnimKit`, `meleeAnimKit`, `visibilityDistanceType`, `auras`) VALUES
(395, 0, 0, 0, 0, 0, 1, 0, 0, 0, 0, 0, 0, ''), -- 395
(583, 0, 0, 0, 0, 0, 1, 0, 0, 0, 0, 0, 0, ''), -- 583
(116, 0, 0, 0, 0, 0, 1, 0, 0, 0, 0, 0, 0, ''), -- 116
(3937, 0, 0, 0, 0, 0, 1, 1, 0, 0, 0, 0, 0, ''), -- 3937
(173754, 0, 0, 0, 0, 0, 1, 0, 0, 0, 0, 0, 0, ''), -- 173754
(6508, 0, 0, 0, 0, 0, 1, 0, 0, 0, 0, 0, 0, '57894 14108'), -- 6508 - 57894, 14108
(1428, 0, 0, 0, 0, 0, 1, 1, 0, 0, 0, 0, 0, ''), -- 1428
(2457, 0, 0, 0, 0, 0, 1, 1, 0, 0, 0, 0, 0, ''), -- 2457
(1301, 0, 0, 0, 0, 0, 1, 1, 0, 0, 0, 0, 0, '60913'), -- 1301 - 60913
(1299, 0, 0, 0, 0, 0, 1, 1, 0, 0, 0, 0, 0, '60913'), -- 1299 - 60913
(6740, 0, 0, 0, 0, 0, 1, 1, 0, 0, 0, 0, 0, ''), -- 6740
(1431, 0, 0, 0, 0, 0, 1, 1, 0, 0, 0, 0, 0, ''), -- 1431
(2456, 0, 0, 0, 0, 0, 1, 1, 0, 0, 0, 0, 0, ''), -- 2456
(1298, 0, 0, 0, 0, 0, 2, 1, 0, 0, 0, 0, 0, ''), -- 1298
(2455, 0, 0, 0, 0, 0, 1, 1, 0, 0, 0, 0, 0, ''), -- 2455
(277, 0, 0, 0, 0, 0, 1, 1, 0, 0, 0, 0, 0, ''), -- 277
(1297, 0, 0, 0, 0, 0, 2, 1, 0, 0, 0, 0, 0, '60913'), -- 1297 - 60913
(687, 0, 0, 0, 0, 0, 1, 0, 0, 0, 0, 0, 0, '17217 19581 34902 57894 87887 34666 34667 34675 20782 8875 19580 19582 19589 19591 20784 53397 55566 65220 83408 83727 88680 94003 89446 61017 34904 34903 61683 53184 19596 52858 53205'), -- 687 - 17217, 19581, 34902, 57894, 87887, 34666, 34667, 34675, 20782, 8875, 19580, 19582, 19589, 19591, 20784, 53397, 55566, 65220, 83408, 83727, 88680, 94003, 89446, 61017, 34904, 34903, 61683, 53184, 19596, 52858, 53205
(52359, 0, 0, 0, 0, 0, 1, 0, 0, 0, 0, 0, 0, '46598 96847'), -- 52359 - 46598, 96847
(52358, 0, 0, 0, 0, 0, 1, 1, 0, 0, 0, 0, 0, ''), -- 52358
(52361, 0, 0, 0, 0, 0, 1, 0, 0, 0, 0, 0, 3, '46598 96850 16245'), -- 52361 - 46598, 96850, 16245
(17280, 0, 0, 0, 0, 0, 1, 0, 0, 0, 0, 0, 0, '17223 19581 34902 87887 34666 34667 34675 20782 8875 19580 19582 19589 19591 20784 53397 55566 65220 83408 83727 88680 94003 89446 61017 34904 34903 61683 53186 53184 52858 53205'), -- 17280 - 17223, 19581, 34902, 87887, 34666, 34667, 34675, 20782, 8875, 19580, 19582, 19589, 19591, 20784, 53397, 55566, 65220, 83408, 83727, 88680, 94003, 89446, 61017, 34904, 34903, 61683, 53186, 53184, 52858, 53205
(31216, 0, 0, 0, 0, 0, 1, 0, 0, 0, 0, 0, 0, '65220 61679'), -- 31216 - 65220, 61679
(3520, 0, 0, 0, 0, 0, 1, 1, 0, 0, 0, 0, 0, ''), -- 3520
(2533, 0, 0, 0, 0, 0, 1, 0, 0, 0, 0, 0, 0, ''), -- 2533
(2532, 0, 0, 0, 0, 0, 1, 0, 0, 0, 0, 0, 0, ''), -- 2532
(4961, 0, 0, 0, 0, 0, 1, 1, 0, 0, 0, 0, 0, ''), -- 4961
(1721, 0, 0, 0, 0, 0, 1, 1, 0, 0, 0, 0, 0, ''), -- 1721
(3626, 0, 0, 0, 0, 0, 1, 1, 0, 0, 0, 0, 0, ''), -- 3626
(51938, 0, 0, 0, 0, 0, 1, 0, 0, 0, 0, 0, 0, ''), -- 51938
(13018, 0, 0, 0, 0, 0, 1, 1, 0, 0, 0, 0, 0, ''), -- 13018
(50088, 0, 0, 0, 0, 0, 1, 0, 0, 0, 0, 0, 3, ''), -- 50088
(49908, 0, 0, 0, 0, 0, 1, 0, 0, 0, 0, 0, 0, ''), -- 49908
(49907, 0, 0, 0, 0, 0, 1, 0, 0, 0, 0, 0, 0, ''), -- 49907
(46153, 0, 0, 0, 0, 0, 1, 0, 0, 0, 0, 0, 0, '87887'), -- 46153 - 87887
(1412, 0, 0, 0, 0, 0, 1, 0, 0, 0, 0, 0, 0, ''), -- 1412
(10200, 0, 0, 0, 0, 0, 1, 0, 0, 0, 0, 0, 0, '57894 24450'), -- 10200 - 57894, 24450
(44395, 0, 0, 0, 0, 0, 1, 0, 0, 0, 0, 0, 0, ''), -- 44395
(43840, 0, 0, 0, 0, 0, 1, 1, 0, 0, 0, 0, 0, '82020'), -- 43840 - 82020
(834, 0, 0, 0, 0, 0, 1, 0, 0, 0, 0, 0, 0, '57894 87887'), -- 834 - 57894, 87887
(43825, 0, 0, 0, 0, 0, 1, 1, 0, 0, 0, 0, 0, ''), -- 43825
(43823, 0, 0, 0, 0, 0, 1, 1, 0, 0, 0, 0, 0, ''), -- 43823
(43824, 0, 0, 0, 0, 0, 1, 1, 0, 0, 0, 0, 0, ''), -- 43824
(43725, 0, 0, 0, 0, 0, 1, 1, 0, 0, 0, 0, 0, ''), -- 43725
(3504, 0, 0, 0, 0, 0, 1, 0, 0, 0, 0, 0, 0, ''), -- 3504
(2331, 0, 0, 0, 0, 0, 1, 0, 0, 0, 0, 0, 0, ''), -- 2331
(2330, 0, 0, 0, 0, 0, 1, 1, 0, 0, 0, 0, 0, ''), -- 2330
(43842, 0, 0, 0, 0, 0, 1, 1, 0, 0, 0, 0, 0, ''), -- 43842
(5509, 0, 0, 0, 0, 0, 1, 1, 0, 0, 0, 0, 0, ''), -- 5509
(43724, 0, 0, 0, 0, 0, 1, 1, 0, 0, 0, 0, 0, ''), -- 43724
(1416, 0, 0, 0, 0, 0, 1, 1, 0, 0, 0, 0, 0, ''), -- 1416
(7232, 0, 0, 0, 0, 0, 1, 1, 0, 0, 0, 0, 0, ''), -- 7232
(43841, 0, 0, 0, 0, 0, 1, 1, 0, 0, 0, 0, 0, ''), -- 43841
(47688, 0, 0, 0, 0, 0, 1, 1, 0, 0, 0, 0, 0, '18950'), -- 47688 - 18950
(43723, 0, 0, 0, 0, 0, 1, 1, 0, 0, 0, 0, 0, ''), -- 43723
(43690, 0, 0, 0, 0, 0, 1, 1, 0, 0, 0, 0, 0, ''), -- 43690
(521, 0, 0, 0, 0, 0, 1, 0, 0, 0, 0, 0, 0, '17223 19581 34902 87887 34666 34667 34675 20782 8875 19580 19582 19589 19591 20784 53397 55566 65220 83408 83727 88680 94003 89446 61017 34904 34903 61683 53183'), -- 521 - 17223, 19581, 34902, 87887, 34666, 34667, 34675, 20782, 8875, 19580, 19582, 19589, 19591, 20784, 53397, 55566, 65220, 83408, 83727, 88680, 94003, 89446, 61017, 34904, 34903, 61683, 53183
(5514, 0, 0, 0, 0, 0, 1, 1, 0, 0, 0, 0, 0, ''), -- 5514
(11026, 0, 0, 0, 0, 0, 1, 1, 0, 0, 0, 0, 0, ''), -- 11026
(18670, 0, 0, 0, 0, 0, 1, 0, 0, 0, 0, 0, 0, '17223 19581 34902 57894 34666 34667 34675 20782 8875 19580 19582 19589 19591 20784 34903 34904 53397 55566 61017 65220 87887 83408 83727 88680 94003 89446 61683 53186 53184 52858 53205 62760'), -- 18670 - 17223, 19581, 34902, 57894, 34666, 34667, 34675, 20782, 8875, 19580, 19582, 19589, 19591, 20784, 34903, 34904, 53397, 55566, 61017, 65220, 87887, 83408, 83727, 88680, 94003, 89446, 61683, 53186, 53184, 52858, 53205, 62760
(5513, 0, 0, 0, 0, 0, 1, 1, 0, 0, 0, 0, 0, ''), -- 5513
(14563, 0, 0, 0, 0, 0, 1, 0, 0, 0, 0, 0, 0, ''), -- 14563
(20407, 0, 0, 0, 0, 0, 1, 1, 0, 0, 0, 0, 0, ''), -- 20407
(48633, 0, 0, 0, 0, 0, 1, 0, 0, 0, 0, 0, 0, '89481'), -- 48633 - 89481
(44394, 0, 0, 0, 0, 0, 1, 1, 0, 0, 0, 0, 0, ''), -- 44394
(44393, 0, 0, 0, 0, 0, 1, 1, 0, 0, 0, 0, 0, ''), -- 44393
(43034, 0, 0, 0, 0, 0, 1, 1, 0, 0, 0, 0, 0, ''), -- 43034
(5519, 0, 0, 0, 0, 0, 1, 1, 0, 0, 0, 0, 0, ''), -- 5519
(5518, 0, 0, 0, 0, 0, 1, 1, 0, 0, 0, 0, 0, ''), -- 5518
(48634, 0, 0, 0, 0, 0, 1, 0, 0, 0, 0, 0, 0, '89481'), -- 48634 - 89481
(44236, 0, 0, 0, 0, 0, 1, 1, 0, 0, 0, 0, 0, ''), -- 44236
(44235, 0, 0, 0, 0, 0, 1, 1, 0, 0, 0, 0, 0, ''), -- 44235
(56097, 0, 0, 0, 0, 0, 1, 0, 0, 0, 0, 0, 0, ''), -- 56097
(6579, 0, 0, 0, 0, 0, 1, 1, 0, 0, 0, 0, 0, ''), -- 6579
(45306, 0, 0, 0, 0, 0, 1, 1, 0, 0, 0, 0, 0, ''), -- 45306
(14439, 0, 0, 0, 0, 0, 1, 1, 0, 0, 0, 0, 0, '18950'), -- 14439 - 18950
(29725, 0, 0, 0, 0, 0, 1, 0, 0, 0, 0, 0, 0, ''), -- 29725
(7798, 0, 0, 0, 0, 0, 1, 1, 0, 0, 0, 0, 0, ''), -- 7798
(957, 0, 0, 0, 0, 0, 1, 1, 0, 0, 0, 0, 0, ''), -- 957
(5413, 0, 0, 0, 0, 0, 1, 1, 0, 0, 0, 0, 0, ''), -- 5413
(5511, 0, 0, 0, 0, 0, 1, 1, 0, 0, 0, 0, 0, ''), -- 5511
(5510, 0, 0, 0, 0, 0, 2, 1, 0, 0, 0, 0, 0, ''), -- 5510
(5512, 0, 0, 0, 0, 0, 1, 1, 0, 0, 0, 0, 0, ''), -- 5512
(11069, 0, 0, 0, 0, 0, 1, 1, 0, 0, 0, 0, 0, ''), -- 11069
(1472, 0, 0, 0, 0, 0, 1, 1, 0, 0, 0, 0, 0, ''), -- 1472
(44392, 0, 0, 1, 0, 0, 1, 0, 0, 0, 0, 0, 0, ''), -- 44392
(5517, 0, 0, 0, 0, 0, 0, 1, 0, 0, 0, 0, 0, ''), -- 5517
(5515, 0, 0, 0, 0, 0, 0, 1, 0, 0, 0, 0, 0, ''), -- 5515
(5516, 0, 0, 0, 0, 0, 0, 1, 0, 0, 0, 0, 0, ''), -- 5516
(2879, 0, 0, 0, 0, 0, 1, 1, 0, 0, 0, 0, 0, ''), -- 2879
(58167, 0, 0, 0, 0, 0, 1, 0, 0, 0, 0, 0, 0, ''), -- 58167
(656, 0, 0, 0, 0, 0, 1, 1, 0, 0, 0, 0, 0, ''), -- 656
(54219, 0, 0, 0, 0, 0, 1, 1, 0, 0, 0, 0, 0, ''), -- 54219
(54218, 0, 0, 0, 0, 0, 1, 1, 0, 0, 0, 0, 0, ''), -- 54218
(54215, 0, 0, 0, 0, 0, 1, 1, 0, 0, 0, 0, 0, ''), -- 54215
(1756, 0, 0, 0, 0, 0, 1, 1, 0, 0, 0, 0, 0, ''), -- 1756
(54214, 0, 0, 0, 0, 0, 1, 1, 0, 0, 0, 0, 0, ''), -- 54214
(53991, 0, 0, 0, 0, 0, 1, 1, 0, 0, 0, 0, 0, ''), -- 53991
(53641, 0, 0, 0, 0, 0, 1, 1, 0, 0, 0, 0, 0, ''), -- 53641
(5384, 0, 0, 0, 0, 0, 1, 1, 0, 0, 0, 0, 0, ''), -- 5384
(54217, 0, 0, 0, 0, 0, 1, 1, 0, 0, 0, 0, 0, ''), -- 54217
(54216, 0, 0, 0, 0, 0, 1, 1, 0, 0, 0, 0, 0, ''), -- 54216
(1478, 0, 0, 0, 0, 0, 1, 1, 0, 0, 0, 0, 0, ''), -- 1478
(1477, 0, 0, 0, 0, 0, 1, 1, 0, 0, 0, 0, 0, ''), -- 1477
(55684, 0, 0, 0, 0, 0, 1, 1, 0, 0, 0, 0, 0, ''), -- 55684
(38821, 0, 0, 0, 0, 0, 1, 0, 0, 0, 0, 0, 4, ''), -- 38821
(1395, 0, 0, 0, 0, 0, 1, 1, 0, 0, 0, 0, 0, ''), -- 1395
(1333, 0, 0, 0, 0, 0, 1, 1, 0, 0, 0, 0, 0, '60913'), -- 1333 - 60913
(2795, 0, 0, 0, 0, 0, 1, 1, 0, 0, 0, 0, 0, ''), -- 2795
(1339, 0, 0, 0, 0, 0, 1, 1, 0, 0, 0, 0, 0, '60913'), -- 1339 - 60913
(2198, 0, 0, 0, 0, 0, 1, 1, 0, 0, 0, 0, 0, ''), -- 2198
(1320, 0, 0, 0, 0, 0, 1, 1, 0, 0, 0, 0, 0, ''), -- 1320
(1292, 0, 0, 0, 0, 0, 1, 1, 0, 0, 0, 0, 0, ''), -- 1292
(23050, 0, 0, 0, 0, 0, 1, 0, 0, 0, 0, 0, 0, ''), -- 23050
(11096, 0, 0, 0, 0, 0, 1, 1, 0, 0, 0, 0, 0, ''), -- 11096
(5565, 0, 0, 0, 0, 0, 1, 1, 0, 0, 0, 0, 0, ''), -- 5565
(42722, 0, 0, 0, 0, 0, 1, 0, 0, 0, 0, 0, 0, '19581 34902 87887 89601 34666 34667 34675 20782 8875 19580 19582 19589 19591 20784 53397 55566 65220 83408 83727 88680 94003 89446 61017 34904 34903 61683 61686 53184 61681'), -- 42722 - 19581, 34902, 87887, 89601, 34666, 34667, 34675, 20782, 8875, 19580, 19582, 19589, 19591, 20784, 53397, 55566, 65220, 83408, 83727, 88680, 94003, 89446, 61017, 34904, 34903, 61683, 61686, 53184, 61681
(5564, 0, 0, 0, 0, 0, 1, 1, 0, 0, 0, 0, 0, '60913'), -- 5564 - 60913
(1321, 0, 0, 0, 0, 0, 1, 1, 0, 0, 0, 0, 0, ''), -- 1321
(1319, 0, 0, 0, 0, 0, 1, 1, 0, 0, 0, 0, 0, '60913'), -- 1319 - 60913
(14438, 0, 0, 0, 0, 0, 1, 1, 0, 0, 0, 0, 0, '18950'), -- 14438 - 18950
(44582, 0, 0, 0, 0, 0, 1, 1, 0, 0, 0, 0, 0, ''), -- 44582
(50480, 0, 0, 0, 0, 0, 1, 1, 0, 0, 0, 0, 0, ''), -- 50480
(44583, 0, 0, 0, 0, 0, 1, 1, 0, 0, 0, 0, 0, ''), -- 44583
(29142, 0, 0, 0, 0, 0, 1, 1, 0, 0, 0, 0, 0, ''), -- 29142
(14423, 0, 0, 0, 0, 0, 1, 1, 0, 0, 0, 0, 0, '18950'), -- 14423 - 18950
(1402, 0, 0, 0, 0, 0, 1, 1, 0, 0, 0, 0, 0, ''), -- 1402
(44774, 0, 0, 0, 0, 0, 1, 0, 0, 0, 0, 0, 0, ''), -- 44774
(3518, 0, 0, 0, 0, 0, 1, 1, 0, 0, 0, 0, 0, ''), -- 3518
(44773, 0, 0, 0, 0, 0, 1, 0, 0, 0, 0, 0, 0, ''), -- 44773
(8670, 0, 0, 0, 0, 0, 1, 1, 0, 0, 0, 0, 0, ''), -- 8670
(8719, 0, 0, 0, 0, 0, 1, 1, 0, 0, 0, 0, 0, ''), -- 8719
(20748, 0, 0, 0, 0, 0, 1, 0, 0, 0, 0, 0, 0, '17223 19581 34902 34666 34667 34675 20782 8875 19580 19582 19589 19591 20784 34903 34904 53397 55566 61017 65220 87887 83408 83727 88680 94003 89446 61683 53184 19596 52858 53205'), -- 20748 - 17223, 19581, 34902, 34666, 34667, 34675, 20782, 8875, 19580, 19582, 19589, 19591, 20784, 34903, 34904, 53397, 55566, 61017, 65220, 87887, 83408, 83727, 88680, 94003, 89446, 61683, 53184, 19596, 52858, 53205
(1294, 0, 0, 0, 0, 0, 1, 1, 0, 0, 0, 0, 0, ''), -- 1294
(1295, 0, 0, 0, 0, 0, 1, 1, 0, 0, 0, 0, 0, '60913'), -- 1295 - 60913
(1291, 0, 0, 0, 0, 0, 1, 1, 0, 0, 0, 0, 0, ''), -- 1291
(15659, 0, 0, 0, 0, 0, 1, 1, 0, 0, 0, 0, 0, ''), -- 15659
(14430, 0, 0, 0, 0, 0, 1, 0, 0, 0, 0, 0, 0, '17210 19581 34902 87887 34666 34667 34675 20782 8875 19580 19582 19589 19591 20784 53397 55566 65220 83408 83727 88680 94003 89446 61017 34904 34903'), -- 14430 - 17210, 19581, 34902, 87887, 34666, 34667, 34675, 20782, 8875, 19580, 19582, 19589, 19591, 20784, 53397, 55566, 65220, 83408, 83727, 88680, 94003, 89446, 61017, 34904, 34903
(1427, 0, 0, 0, 0, 0, 1, 1, 0, 0, 0, 0, 0, ''), -- 1427
(1558, 0, 0, 0, 0, 0, 1, 0, 0, 0, 0, 0, 0, '17214 19581 34902 57894 24529 87891 34666 34667 34675 20782 8875 19580 19582 19589 19591 20784 53397 55566 65220 83408 83727 88680 94003 89446 61017 34904 34903 61683 19596 53182'), -- 1558 - 17214, 19581, 34902, 57894, 24529, 87891, 34666, 34667, 34675, 20782, 8875, 19580, 19582, 19589, 19591, 20784, 53397, 55566, 65220, 83408, 83727, 88680, 94003, 89446, 61017, 34904, 34903, 61683, 19596, 53182
(417, 0, 0, 0, 0, 0, 1, 0, 0, 0, 0, 0, 0, '18738 18739 34947 34956 61679 54424 18730 19007 34957 34958 35697 35695 61013 32233 89953 91702'), -- 417 - 18738, 18739, 34947, 34956, 61679, 54424, 18730, 19007, 34957, 34958, 35697, 35695, 61013, 32233, 89953, 91702
(29238, 0, 0, 0, 0, 0, 1, 0, 0, 0, 0, 0, 0, '52970 53772'), -- 29238 - 52970, 53772
(1289, 0, 0, 0, 0, 0, 1, 1, 0, 0, 0, 0, 0, ''), -- 1289
(1287, 0, 0, 0, 0, 0, 1, 1, 0, 0, 0, 0, 0, '60913'), -- 1287 - 60913
(49748, 0, 0, 0, 0, 0, 1, 1, 0, 0, 0, 0, 0, ''), -- 49748
(12481, 0, 0, 0, 0, 0, 1, 1, 0, 0, 0, 0, 0, ''), -- 12481
(12480, 0, 0, 0, 0, 0, 1, 1, 0, 0, 0, 0, 0, ''), -- 12480
(21956, 0, 0, 0, 0, 0, 1, 0, 0, 0, 0, 0, 0, '17223 19581 34902 87887 34666 34667 34675 20782 8875 19580 19582 19589 19591 20784 53397 55566 65220 83408 83727 88680 94003 89446 61017 34904 34903 61683 61688 53184 52858 53205'), -- 21956 - 17223, 19581, 34902, 87887, 34666, 34667, 34675, 20782, 8875, 19580, 19582, 19589, 19591, 20784, 53397, 55566, 65220, 83408, 83727, 88680, 94003, 89446, 61017, 34904, 34903, 61683, 61688, 53184, 52858, 53205
(510, 0, 0, 0, 0, 0, 1, 0, 0, 0, 0, 0, 0, '44559 65220 89764'), -- 510 - 44559, 65220, 89764
(17252, 0, 0, 0, 0, 0, 1, 0, 0, 0, 0, 0, 0, '30148 30149 34947 34956 61679 53646 25228 30147 32233 34957 34958 35697 35695 61013 89953 91702'), -- 17252 - 30148, 30149, 34947, 34956, 61679, 53646, 25228, 30147, 32233, 34957, 34958, 35697, 35695, 61013, 89953, 91702
(32639, 0, 0, 0, 0, 0, 1, 0, 0, 0, 0, 0, 0, '61424'), -- 32639 - 61424
(32638, 0, 0, 0, 0, 0, 1, 0, 0, 0, 0, 0, 0, '61424'), -- 32638 - 61424
(18476, 0, 0, 0, 0, 0, 1, 0, 0, 0, 0, 0, 0, '17223 19581 34902 34666 34667 34675 20782 8875 19580 19582 19589 19591 20784 34903 34904 53397 55566 61017 65220 87887 83408 83727 88680 94003 89446 61683 53184 52858 53205'), -- 18476 - 17223, 19581, 34902, 34666, 34667, 34675, 20782, 8875, 19580, 19582, 19589, 19591, 20784, 34903, 34904, 53397, 55566, 61017, 65220, 87887, 83408, 83727, 88680, 94003, 89446, 61683, 53184, 52858, 53205
(29172, 0, 0, 0, 0, 0, 1, 0, 0, 0, 0, 0, 0, ''), -- 29172
(45450, 0, 0, 0, 0, 0, 1, 0, 0, 0, 0, 0, 0, '17223 19581 34902 57894 87887 34666 34667 34675 20782 8875 19580 19582 19589 19591 20784 53397 55566 65220 83408 83727 88680 94003 89446 61017 34904 34903 61683 53184 19596 52858 53205'), -- 45450 - 17223, 19581, 34902, 57894, 87887, 34666, 34667, 34675, 20782, 8875, 19580, 19582, 19589, 19591, 20784, 53397, 55566, 65220, 83408, 83727, 88680, 94003, 89446, 61017, 34904, 34903, 61683, 53184, 19596, 52858, 53205
(1275, 0, 0, 0, 0, 0, 1, 1, 0, 0, 0, 0, 0, '60913'), -- 1275 - 60913
(1257, 0, 0, 0, 0, 0, 1, 1, 0, 0, 0, 0, 0, ''), -- 1257
(279, 0, 0, 0, 0, 0, 1, 1, 0, 0, 0, 0, 0, ''), -- 279
(43820, 0, 0, 0, 0, 0, 1, 1, 0, 0, 0, 0, 0, ''), -- 43820
(43819, 0, 0, 0, 0, 0, 1, 1, 0, 0, 0, 0, 0, ''), -- 43819
(43822, 0, 0, 0, 0, 0, 1, 1, 0, 0, 0, 0, 0, ''), -- 43822
(26125, 0, 0, 0, 0, 0, 1, 0, 0, 0, 0, 0, 0, '110474 65221 62137 54566 51996 61697'), -- 26125 - 110474, 65221, 62137, 54566, 51996, 61697
(51440, 0, 0, 0, 0, 0, 1, 0, 0, 0, 0, 0, 0, ''), -- 51440
(5193, 0, 0, 0, 0, 0, 1, 1, 0, 0, 0, 0, 0, ''), -- 5193
(1432, 0, 0, 0, 0, 0, 1, 1, 0, 0, 0, 0, 0, ''), -- 1432
(6174, 0, 0, 0, 0, 0, 1, 1, 0, 0, 0, 0, 0, ''), -- 6174
(4974, 0, 0, 0, 0, 0, 1, 1, 0, 0, 0, 0, 0, ''), -- 4974
(46602, 0, 0, 0, 0, 0, 1, 1, 0, 0, 0, 0, 0, ''), -- 46602
(466, 0, 2410, 0, 0, 0, 1, 1, 0, 0, 0, 0, 0, ''), -- 466
(48632, 0, 0, 1, 0, 0, 1, 0, 0, 0, 0, 0, 0, ''), -- 48632
(1286, 0, 0, 0, 0, 0, 1, 1, 0, 0, 0, 0, 0, '60913'), -- 1286 - 60913
(1285, 0, 0, 0, 0, 0, 1, 1, 0, 0, 0, 0, 0, ''), -- 1285
(50669, 0, 0, 0, 0, 0, 1, 1, 0, 0, 0, 0, 0, ''), -- 50669
(51348, 0, 27913, 0, 3, 0, 1, 1, 0, 0, 0, 0, 0, ''), -- 51348
(42421, 0, 0, 0, 0, 0, 1, 0, 0, 0, 0, 0, 0, ''), -- 42421
(482, 0, 0, 0, 0, 0, 1, 1, 0, 0, 0, 0, 0, ''), -- 482
(12785, 0, 0, 0, 0, 0, 0, 1, 0, 0, 0, 0, 0, ''), -- 12785
(12784, 0, 0, 0, 0, 0, 1, 1, 0, 0, 0, 0, 0, ''), -- 12784
(483, 0, 0, 0, 0, 0, 1, 1, 0, 0, 0, 0, 0, ''), -- 483
(50523, 0, 0, 0, 0, 0, 1, 1, 0, 0, 0, 0, 0, ''), -- 50523
(2334, 0, 0, 0, 0, 0, 1, 0, 0, 0, 0, 0, 0, ''), -- 2334
(50525, 0, 0, 0, 0, 0, 1, 1, 0, 0, 0, 0, 0, '46598'), -- 50525 - 46598
(4981, 0, 0, 0, 0, 0, 1, 1, 0, 0, 0, 0, 0, '60913'), -- 4981 - 60913
(50524, 0, 0, 0, 0, 0, 1, 1, 0, 0, 0, 0, 0, ''), -- 50524
(42339, 0, 0, 0, 0, 0, 1, 0, 0, 0, 0, 0, 0, ''), -- 42339
(52537, 0, 0, 0, 0, 0, 0, 1, 0, 0, 0, 0, 0, ''), -- 52537
(12781, 0, 0, 0, 0, 0, 1, 1, 0, 0, 0, 0, 0, ''), -- 12781
(12778, 0, 0, 0, 0, 0, 0, 1, 0, 0, 0, 0, 0, '5301'), -- 12778 - 5301
(49540, 0, 0, 0, 0, 0, 1, 0, 0, 0, 0, 0, 0, ''), -- 49540
(18927, 0, 0, 0, 0, 0, 1, 1, 0, 0, 0, 0, 0, '65523 33209 33207 33208'), -- 18927 - 65523, 33209, 33207, 33208
(12787, 0, 0, 0, 0, 0, 1, 1, 0, 0, 0, 0, 0, '5301'), -- 12787 - 5301
(12786, 0, 0, 0, 0, 0, 1, 1, 0, 0, 0, 0, 0, '5301'), -- 12786 - 5301
(49877, 0, 28912, 0, 0, 0, 1, 1, 0, 0, 0, 0, 0, ''), -- 49877
(52030, 0, 0, 0, 0, 0, 1, 1, 0, 0, 0, 0, 0, ''), -- 52030
(52029, 0, 0, 0, 0, 0, 1, 1, 0, 0, 0, 0, 0, ''), -- 52029
(35477, 0, 0, 0, 0, 0, 1, 0, 0, 0, 0, 0, 0, ''), -- 35477
(1302, 0, 0, 0, 0, 0, 1, 1, 0, 0, 0, 0, 0, '60913'), -- 1302 - 60913
(12780, 0, 0, 0, 0, 0, 2, 1, 0, 0, 0, 0, 0, ''), -- 12780
(12779, 0, 0, 0, 0, 0, 0, 1, 0, 0, 0, 0, 0, ''), -- 12779
(15103, 0, 0, 0, 0, 0, 1, 1, 0, 0, 0, 0, 0, ''), -- 15103
(19848, 0, 0, 0, 0, 0, 0, 1, 0, 0, 0, 0, 0, '5301'), -- 19848 - 5301
(52546, 0, 0, 0, 0, 0, 0, 1, 0, 0, 0, 0, 0, '5301'), -- 52546 - 5301
(52545, 0, 0, 0, 0, 0, 1, 1, 0, 0, 0, 0, 0, '5301'), -- 52545 - 5301
(1303, 0, 0, 0, 0, 0, 1, 1, 0, 0, 0, 0, 0, ''), -- 1303
(4075, 0, 0, 0, 0, 0, 1, 0, 0, 0, 0, 0, 0, ''), -- 4075
(18406, 0, 0, 0, 0, 0, 1, 0, 0, 0, 0, 0, 0, ''), -- 18406
(18362, 0, 0, 0, 0, 0, 1, 0, 0, 0, 0, 0, 0, ''), -- 18362
(43769, 0, 0, 0, 0, 0, 1, 1, 0, 0, 0, 0, 0, ''), -- 43769
(43768, 0, 0, 0, 0, 0, 1, 1, 0, 0, 0, 0, 0, ''), -- 43768
(18360, 0, 0, 0, 0, 0, 1, 0, 0, 0, 0, 0, 0, ''), -- 18360
(18359, 0, 0, 0, 0, 0, 1, 0, 0, 0, 0, 0, 0, ''), -- 18359
(18357, 0, 0, 0, 0, 0, 1, 0, 0, 0, 0, 0, 0, ''), -- 18357
(18376, 0, 0, 0, 0, 0, 1, 0, 0, 0, 0, 0, 0, ''), -- 18376
(18375, 0, 0, 0, 0, 0, 1, 0, 0, 0, 0, 0, 0, ''), -- 18375
(1976, 0, 0, 0, 0, 0, 1, 1, 0, 0, 0, 0, 0, ''), -- 1976
(352, 0, 0, 0, 0, 0, 1, 1, 0, 0, 0, 0, 0, ''), -- 352
(14394, 0, 0, 0, 0, 0, 1, 1, 0, 0, 0, 0, 4, ''), -- 14394
(32520, 0, 0, 0, 0, 0, 1, 0, 0, 0, 0, 0, 5, ''), -- 32520
(14721, 0, 0, 0, 0, 0, 1, 1, 0, 0, 0, 0, 4, ''), -- 14721
(37574, 0, 0, 0, 0, 0, 1, 0, 0, 0, 0, 0, 4, ''), -- 37574
(37543, 0, 0, 0, 0, 0, 1, 0, 0, 0, 0, 0, 4, ''), -- 37543
(17804, 0, 0, 0, 0, 0, 1, 1, 0, 0, 0, 0, 0, ''), -- 17804
(28571, 0, 0, 0, 0, 0, 1, 1, 0, 0, 0, 0, 0, ''), -- 28571
(4959, 0, 0, 0, 0, 0, 1, 1, 0, 0, 0, 0, 0, ''), -- 4959
(28572, 0, 0, 0, 0, 0, 1, 1, 0, 0, 0, 0, 0, ''), -- 28572
(28569, 0, 0, 0, 0, 0, 1, 1, 0, 0, 0, 0, 0, ''), -- 28569
(28596, 0, 0, 0, 0, 0, 1, 1, 0, 0, 0, 0, 0, ''), -- 28596
(1860, 0, 0, 0, 0, 0, 1, 0, 0, 0, 0, 0, 0, '18735 18742 34947 34956 18727 34957 34958 35697 35695 61013 89953 91702 32233'), -- 1860 - 18735, 18742, 34947, 34956, 18727, 34957, 34958, 35697, 35695, 61013, 89953, 91702, 32233
(113, 0, 0, 0, 0, 0, 1, 0, 0, 0, 0, 0, 0, ''), -- 113
(66, 0, 0, 0, 0, 0, 1, 1, 0, 0, 0, 0, 0, ''), -- 66
(913, 0, 0, 0, 0, 0, 0, 1, 0, 0, 0, 0, 0, ''), -- 913
(47384, 0, 0, 0, 0, 0, 1, 0, 0, 0, 0, 0, 0, ''), -- 47384
(46985, 0, 0, 0, 0, 0, 1, 0, 0, 0, 0, 0, 0, ''), -- 46985
(46983, 0, 0, 0, 0, 0, 2, 1, 0, 0, 0, 0, 0, ''), -- 46983
(46982, 0, 0, 1, 0, 0, 1, 1, 0, 0, 0, 0, 0, ''), -- 46982
(927, 0, 0, 0, 0, 0, 0, 1, 0, 0, 0, 0, 0, ''), -- 927
(796, 0, 0, 0, 0, 0, 1, 0, 0, 0, 0, 0, 0, ''), -- 796
(74, 0, 0, 0, 0, 0, 1, 1, 0, 0, 0, 0, 0, ''), -- 74
(795, 0, 0, 0, 0, 0, 1, 0, 0, 0, 0, 0, 0, ''), -- 795
(797, 0, 0, 0, 0, 0, 1, 0, 0, 0, 0, 0, 0, ''), -- 797
(54, 0, 0, 0, 0, 0, 1, 1, 0, 0, 0, 0, 0, ''), -- 54
(241, 0, 0, 0, 0, 0, 1, 1, 0, 0, 0, 0, 0, ''), -- 241
(2046, 0, 0, 0, 0, 0, 1, 1, 0, 0, 0, 0, 0, ''), -- 2046
(514, 0, 0, 0, 0, 0, 1, 1, 0, 0, 0, 0, 0, ''), -- 514
(42983, 0, 0, 0, 0, 0, 1, 1, 0, 0, 0, 0, 0, ''), -- 42983
(240, 0, 0, 0, 0, 0, 1, 1, 0, 0, 0, 0, 0, ''), -- 240
(11940, 0, 0, 0, 0, 0, 1, 0, 0, 0, 0, 0, 0, ''), -- 11940
(6749, 0, 0, 0, 0, 0, 1, 1, 0, 0, 0, 0, 0, ''), -- 6749
(5406, 0, 0, 0, 0, 0, 1, 0, 0, 0, 0, 0, 0, ''), -- 5406
(620, 0, 0, 0, 0, 0, 1, 0, 0, 0, 0, 0, 0, ''); -- 620

INSERT INTO `creature_template_addon` (`entry`, `PathId`, `mount`, `StandState`, `AnimTier`, `VisFlags`, `SheathState`, `PvpFlags`, `emote`, `aiAnimKit`, `movementAnimKit`, `meleeAnimKit`, `visibilityDistanceType`, `auras`) VALUES
(328, 0, 0, 0, 0, 0, 1, 1, 0, 0, 0, 0, 0, ''), -- 328
(377, 0, 0, 0, 0, 0, 1, 1, 0, 0, 0, 0, 0, ''), -- 377
(253, 0, 0, 0, 0, 0, 1, 1, 0, 0, 0, 0, 0, ''), -- 253
(6778, 0, 0, 0, 0, 0, 1, 1, 0, 0, 0, 0, 0, ''), -- 6778
(2329, 0, 0, 0, 0, 0, 1, 1, 0, 0, 0, 0, 0, ''), -- 2329
(917, 0, 0, 0, 0, 0, 1, 1, 0, 0, 0, 0, 0, ''), -- 917
(295, 0, 0, 0, 0, 0, 1, 1, 0, 0, 0, 0, 0, ''), -- 295
(151, 0, 0, 0, 0, 0, 1, 1, 0, 0, 0, 0, 0, ''), -- 151
(6374, 0, 0, 0, 0, 0, 1, 1, 0, 0, 0, 0, 0, ''), -- 6374
(906, 0, 0, 0, 0, 0, 1, 1, 0, 0, 0, 0, 0, ''), -- 906
(3935, 0, 0, 0, 0, 0, 1, 1, 0, 0, 0, 0, 0, ''), -- 3935
(6121, 0, 0, 0, 0, 0, 1, 1, 0, 0, 0, 0, 0, ''), -- 6121
(465, 0, 0, 0, 0, 0, 1, 1, 0, 0, 0, 0, 0, ''), -- 465
(1430, 0, 0, 0, 0, 0, 1, 1, 0, 0, 0, 0, 0, ''), -- 1430
(794, 0, 0, 0, 0, 0, 1, 0, 0, 0, 0, 0, 0, ''), -- 794
(1651, 0, 0, 0, 0, 0, 1, 1, 0, 0, 0, 0, 0, ''), -- 1651
(383, 0, 0, 0, 0, 0, 1, 1, 0, 0, 0, 0, 0, ''), -- 383
(6306, 0, 0, 0, 0, 0, 1, 1, 0, 0, 0, 0, 0, ''), -- 6306
(804, 0, 0, 0, 0, 0, 1, 0, 0, 0, 0, 0, 0, ''), -- 804
(811, 0, 0, 0, 0, 0, 1, 0, 0, 0, 0, 0, 0, ''), -- 811
(810, 0, 0, 0, 0, 0, 1, 0, 0, 0, 0, 0, 0, ''), -- 810
(807, 0, 0, 0, 0, 0, 1, 0, 0, 0, 0, 0, 0, ''), -- 807
(806, 0, 0, 0, 0, 0, 1, 0, 0, 0, 0, 0, 0, ''), -- 806
(805, 0, 0, 0, 0, 0, 1, 0, 0, 0, 0, 0, 0, ''), -- 805
(1632, 0, 0, 0, 0, 0, 1, 1, 0, 0, 0, 0, 0, ''), -- 1632
(13321, 0, 0, 0, 0, 0, 1, 0, 0, 0, 0, 0, 0, ''), -- 13321
(6774, 0, 0, 0, 0, 0, 1, 1, 0, 0, 0, 0, 0, ''), -- 6774
(42938, 0, 0, 0, 0, 0, 1, 0, 0, 0, 0, 0, 0, ''), -- 42938
(42937, 0, 0, 0, 0, 0, 1, 0, 0, 0, 0, 0, 0, ''), -- 42937
(1642, 0, 0, 0, 0, 0, 1, 1, 0, 0, 0, 0, 0, '18950'), -- 1642 - 18950
(11260, 0, 0, 0, 0, 0, 1, 0, 0, 0, 0, 0, 0, ''), -- 11260
(42940, 0, 0, 0, 0, 0, 1, 0, 0, 0, 0, 0, 3, '80175'), -- 42940 - 80175
(462, 0, 0, 0, 0, 0, 1, 0, 0, 0, 0, 0, 0, '17209 19581 34902 87887 34666 34667 34675 20782 8875 19580 19582 19589 19591 20784 53397 55566 65220 83408 83727 88680 94003 89446 61017 34904 34903'), -- 462 - 17209, 19581, 34902, 87887, 34666, 34667, 34675, 20782, 8875, 19580, 19582, 19589, 19591, 20784, 53397, 55566, 65220, 83408, 83727, 88680, 94003, 89446, 61017, 34904, 34903
(50378, 0, 0, 0, 0, 0, 1, 0, 0, 0, 0, 0, 0, ''), -- 50378
(50047, 0, 0, 7, 0, 0, 1, 0, 0, 0, 0, 0, 0, '93096'), -- 50047 - 93096
(50039, 0, 0, 0, 0, 0, 1, 0, 0, 0, 0, 0, 0, '93046'), -- 50039 - 93046
(915, 0, 0, 0, 0, 0, 1, 1, 0, 0, 0, 0, 0, ''), -- 915
(42944, 0, 0, 0, 0, 0, 1, 0, 0, 0, 0, 0, 3, ''), -- 42944
(823, 0, 0, 0, 0, 0, 0, 1, 0, 0, 0, 0, 0, '104945'), -- 823 - 104945
(951, 0, 0, 0, 0, 0, 1, 1, 0, 0, 0, 0, 0, ''), -- 951
(6373, 0, 0, 0, 0, 0, 1, 1, 0, 0, 0, 0, 0, ''), -- 6373
(12922, 0, 0, 0, 0, 0, 1, 1, 0, 0, 0, 0, 0, ''), -- 12922
(911, 0, 0, 0, 0, 0, 1, 1, 0, 0, 0, 0, 0, ''), -- 911
(198, 0, 0, 0, 0, 0, 1, 1, 0, 0, 0, 0, 0, ''), -- 198
(24110, 0, 0, 0, 0, 0, 1, 0, 0, 0, 0, 0, 3, ''), -- 24110
(375, 0, 0, 0, 0, 0, 1, 1, 0, 0, 0, 0, 0, ''), -- 375
(925, 0, 0, 0, 0, 0, 1, 1, 0, 0, 0, 0, 0, ''), -- 925
(459, 0, 0, 0, 0, 0, 1, 1, 0, 0, 0, 0, 0, ''), -- 459
(196, 0, 0, 0, 0, 0, 1, 1, 0, 0, 0, 0, 0, ''), -- 196
(952, 0, 0, 0, 0, 0, 1, 1, 0, 0, 0, 0, 0, ''), -- 952
(49874, 0, 0, 0, 0, 0, 1, 0, 0, 0, 0, 0, 0, '92857'), -- 49874 - 92857
(49871, 0, 0, 0, 0, 0, 1, 0, 0, 0, 0, 0, 0, ''), -- 49871
(49869, 0, 0, 0, 0, 0, 1, 0, 0, 0, 0, 0, 0, ''), -- 49869
(43292, 0, 0, 1, 0, 0, 1, 0, 0, 0, 0, 0, 0, ''), -- 43292
(43291, 0, 0, 3, 0, 0, 1, 0, 0, 0, 0, 0, 0, ''), -- 43291
(43278, 0, 0, 0, 0, 0, 2, 1, 0, 0, 0, 0, 0, ''), -- 43278
(197, 0, 0, 0, 0, 0, 0, 1, 0, 0, 0, 0, 0, ''), -- 197
(190, 0, 0, 0, 0, 0, 1, 1, 0, 0, 0, 0, 0, ''), -- 190
(1213, 0, 0, 0, 0, 0, 1, 1, 0, 0, 0, 0, 0, ''), -- 1213
(42717, 0, 0, 0, 0, 0, 1, 0, 0, 0, 0, 0, 0, '17223 19581 34902 82357 87887 34666 34667 34675 20782 8875 19580 19582 19589 19591 20784 53397 55566 65220 83408 83727 88680 94003 89446 61017 34904 34903'), -- 42717 - 17223, 19581, 34902, 82357, 87887, 34666, 34667, 34675, 20782, 8875, 19580, 19582, 19589, 19591, 20784, 53397, 55566, 65220, 83408, 83727, 88680, 94003, 89446, 61017, 34904, 34903
(5403, 0, 0, 0, 0, 0, 1, 0, 0, 0, 0, 0, 0, ''), -- 5403
(42218, 0, 0, 0, 0, 0, 1, 1, 0, 0, 0, 0, 0, ''), -- 42218
(9296, 0, 0, 0, 0, 0, 1, 1, 0, 0, 0, 0, 0, ''), -- 9296
(78, 0, 0, 0, 0, 0, 1, 1, 0, 0, 0, 0, 0, ''), -- 78
(416, 0, 0, 0, 0, 0, 1, 0, 0, 0, 0, 0, 0, '18737 18740 34947 34956 18728 34957 34958 35697 35695 54278 61013 89953 91702'), -- 416 - 18737, 18740, 34947, 34956, 18728, 34957, 34958, 35697, 35695, 54278, 61013, 89953, 91702
(42216, 0, 0, 5, 0, 0, 1, 1, 0, 0, 0, 0, 0, ''), -- 42216
(152, 0, 0, 0, 0, 0, 1, 1, 0, 0, 0, 0, 0, ''), -- 152
(44564, 0, 0, 8, 0, 0, 1, 0, 0, 0, 0, 0, 0, ''), -- 44564
(6367, 0, 0, 0, 0, 0, 1, 1, 0, 0, 0, 0, 0, ''), -- 6367
(7385, 0, 0, 0, 0, 0, 1, 0, 0, 0, 0, 0, 0, '96573'), -- 7385 - 96573
(7381, 0, 0, 0, 0, 0, 1, 0, 0, 0, 0, 0, 0, '96573'), -- 7381 - 96573
(7384, 0, 0, 0, 0, 0, 1, 0, 0, 0, 0, 0, 0, '96573'), -- 7384 - 96573
(7382, 0, 0, 0, 0, 0, 1, 0, 0, 0, 0, 0, 0, '96573'), -- 7382 - 96573
(525, 0, 0, 0, 0, 0, 1, 0, 0, 0, 0, 0, 0, ''), -- 525
(299, 0, 0, 0, 0, 0, 1, 0, 0, 0, 0, 0, 0, ''), -- 299
(6368, 0, 0, 0, 0, 0, 1, 0, 0, 0, 0, 0, 0, ''), -- 6368
(44548, 0, 0, 0, 0, 0, 1, 0, 0, 0, 0, 0, 0, '83470'), -- 44548 - 83470
(94, 0, 0, 0, 0, 0, 1, 0, 0, 0, 0, 0, 0, ''), -- 94
(5917, 0, 0, 0, 0, 0, 1, 1, 0, 0, 0, 0, 0, ''), -- 5917
(30, 0, 0, 0, 0, 0, 1, 0, 0, 0, 0, 0, 0, '11959'), -- 30 - 11959
(1933, 0, 0, 0, 0, 0, 1, 0, 0, 0, 0, 0, 0, ''), -- 1933
(2442, 0, 0, 0, 0, 0, 1, 0, 0, 0, 0, 0, 0, ''), -- 2442
(1423, 0, 0, 0, 0, 0, 1, 1, 0, 0, 0, 0, 0, ''), -- 1423
(890, 0, 0, 0, 0, 0, 1, 0, 0, 0, 0, 0, 0, ''), -- 890
(883, 0, 0, 0, 0, 0, 1, 0, 0, 0, 0, 0, 0, ''), -- 883
(721, 0, 0, 0, 0, 0, 1, 0, 0, 0, 0, 0, 0, ''), -- 721
(68, 0, 0, 0, 0, 0, 1, 1, 0, 0, 0, 0, 0, ''); -- 68


DELETE FROM `creature_template_difficulty` WHERE (`DifficultyID`=0 AND `Entry` IN (395,583,116,6508,35189,687,45445,31216,3520,4961,51938,13018,50088,49908,49907,46153,44904,10200,44395,834,47688,521,18670,48633,56097,48634,1478,1477,42722,20748,1558,417,21956,18476,45450,29172,26125,1860,462));
INSERT INTO `creature_template_difficulty` (`Entry`, `DifficultyID`, `HealthScalingExpansion`, `HealthModifier`, `ManaModifier`, `CreatureDifficultyID`, `TypeFlags`, `TypeFlags2`) VALUES
(395, 0, 0, 1, 1, 0, 0x8000000, 0), -- 395
(583, 0, 0, 1, 1, 0, 0x8000000, 0), -- 583
(116, 0, 0, 1, 1, 0, 0x8000000, 0), -- 116
(6508, 0, 0, 1.299999952316284179, 1, 0, 0x8000001, 0), -- 6508
(35189, 0, 2, 1.5, 1, 0, 0x10001, 0), -- 35189
(687, 0, 0, 1, 1, 0, 0x8000001, 0), -- 687
(45445, 0, 0, 1, 1, 0, 0x1000, 0), -- 45445
(31216, 0, 2, 0.300000011920928955, 1, 0, 0x1000000, 0), -- 31216
(3520, 0, 0, 1, 1, 0, 0x8000000, 0), -- 3520
(4961, 0, 0, 1.049999952316284179, 1, 0, 0x8000000, 0), -- 4961
(51938, 0, 0, 1, 1, 0, 0x0, 0), -- 51938
(13018, 0, 0, 1, 1, 0, 0x8000000, 0), -- 13018
(50088, 0, 1, 1, 1, 0, 0x0, 0), -- 50088
(49908, 0, 0, 1, 1, 0, 0x0, 0), -- 49908
(49907, 0, 0, 1, 1, 0, 0x0, 0), -- 49907
(46153, 0, 3, 1.10000002384185791, 1, 0, 0x1, 0), -- 46153
(44904, 0, 0, 1, 1, 0, 0x0, 0), -- 44904
(10200, 0, 0, 1.5, 1, 0, 0x8000001, 0), -- 10200
(44395, 0, 0, 1, 1, 0, 0x8000000, 0), -- 44395
(834, 0, 0, 1, 1, 0, 0x8000001, 0), -- 834
(47688, 0, -1, 4, 1, 0, 0x0, 0), -- 47688
(521, 0, 0, 1.5, 1, 0, 0x8000001, 0), -- 521
(18670, 0, 1, 1, 1, 0, 0x8000001, 0), -- 18670
(48633, 0, 0, 1, 1, 0, 0x0, 0), -- 48633
(56097, 0, 0, 1, 1, 0, 0x0, 6), -- 56097
(48634, 0, 0, 1, 1, 0, 0x0, 0), -- 48634
(1478, 0, 0, 1.049999952316284179, 1, 0, 0x8000000, 0), -- 1478
(1477, 0, 0, 1.049999952316284179, 1, 0, 0x8000000, 0), -- 1477
(42722, 0, 0, 1, 1, 0, 0x1, 0), -- 42722
(20748, 0, 1, 1, 1, 0, 0x8000001, 0), -- 20748
(1558, 0, 0, 1, 1, 0, 0x8000001, 0), -- 1558
(417, 0, 2, 0.949999988079071044, 0.769999980926513671, 0, 0x8000000, 0), -- 417
(21956, 0, 1, 1.399999976158142089, 1, 0, 0x8000001, 0), -- 21956
(18476, 0, 1, 1, 1, 0, 0x8000001, 0), -- 18476
(45450, 0, 0, 2, 1, 0, 0x80000001, 0), -- 45450
(29172, 0, 0, 1, 1, 0, 0x400, 0), -- 29172
(26125, 0, 2, 1, 1, 0, 0x1000, 0), -- 26125
(1860, 0, 2, 1.10000002384185791, 0.769999980926513671, 0, 0x8000000, 0), -- 1860
(462, 0, 0, 1.5, 1, 0, 0x8000001, 0); -- 462


DELETE FROM `creature_template_difficulty` WHERE (`DifficultyID`=0 AND `Entry` IN (395,583,116,3937,173754,6508,1428,2457,1301,1299,6740,1431,2456,1298,2455,277,1297,687,52359,52358,52361,17280,31216,3520,2533,2532,4961,1721,3626,51938,13018,50088,49908,49907,46153,1412,10200,44395,43840,834,43825,43823,43824,43725,3504,2331,2330,43842,5509,43724,1416,7232,43841,47688,43723,43690,521,5514,11026,18670,5513,14563,20407,48633,44394,44393,43034,5519,5518,48634,44236,44235,56097,6579,45306,14439,29725,7798,957,5413,5511,5510,5512,11069,1472,44392,5517,5515,5516,2879,58167,656,54219,54218,54215,1756,54214,53991,53641,5384,54217,54216,1478,1477,55684,38821,1395,1333,2795,1339,2198,1320,1292,23050,11096,5565,42722,5564,1321,1319,14438,44582,50480,44583,29142,14423,1402,44774,3518,44773,8670,8719,20748,1294,1295,1291,15659,14430,1427,1558,417,29238,1289,1287,49748,12481,12480,21956,510,17252,32639,32638,18476,29172,45450,1275,1257,279,43820,43819,43822,26125,51440,5193,1432,6174,4974,46602,466,48632,1286,1285,50669,51348,42421,482,12785,12784,483,50523,2334,50525,4981,50524,42339,52537,12781,12778,49540,18927,12787,12786,49877,52030,52029,35477,1302,12780,12779,15103,19848,52546,52545,1303,4075,18406,18362,43769,43768,18360,18359,18357,18376,18375,1976,352,14394,32520,14721,37574,37543,17804,28571,4959,28572,28569,28596,1860,113,66,913,47384,46985,46983,46982,927,796,74,795,797,54,241,2046,514,42983,240,11940,6749,5406,620,328,377,253,6778,2329,917,295,151,6374,906,3935,6121,465,1430,794,1651,383,6306,804,811,810,807,806,805,1632,13321,6774,42938,42937,1642,11260,42940,462,50378,50047,50039,915,42944,823,951,6373,12922,911,198,24110,375,925,459,196,952,49874,49871,49869,43292,43291,43278,197,190,1213,42717,5403,42218,9296,78,416,42216,152,44564,6367,7385,7381,7384,7382,525,299,6368,44548,94,5917,30,1933,2442,1423,890,883,721,68));
INSERT INTO `creature_template_difficulty` (`Entry`, `DifficultyID`, `MinLevel`, `MaxLevel`, `StaticFlags1`, `StaticFlags2`, `StaticFlags3`, `StaticFlags4`, `StaticFlags5`, `StaticFlags6`, `StaticFlags7`, `StaticFlags8`, `VerifiedBuild`) VALUES
(395, 0, 1, 1, 0x0, 0x0, 0x0, 0x0, 0x0, 0x0, 0x0, 0x0, 57564), -- 395 - 
(583, 0, 8, 8, 0x0, 0x0, 0x0, 0x0, 0x0, 0x0, 0x0, 0x0, 57564), -- 583 - 
(116, 0, 8, 9, 0x0, 0x0, 0x0, 0x0, 0x0, 0x0, 0x0, 0x0, 57564), -- 116 - 
(3937, 0, 12, 12, 0x0, 0x0, 0x0, 0x0, 0x0, 0x0, 0x0, 0x0, 57564), -- 3937 - 
(173754, 0, 60, 60, 0x20000000, 0x0, 0x0, 0x0, 0x0, 0x0, 0x0, 0x0, 57564), -- 173754 - Floating
(6508, 0, 85, 85, 0x0, 0x0, 0x0, 0x0, 0x0, 0x0, 0x0, 0x0, 57564), -- 6508 - 
(1428, 0, 35, 35, 0x0, 0x0, 0x0, 0x0, 0x0, 0x0, 0x0, 0x0, 57564), -- 1428 - 
(2457, 0, 45, 45, 0x0, 0x0, 0x0, 0x0, 0x0, 0x0, 0x0, 0x0, 57564), -- 2457 - 
(1301, 0, 30, 30, 0x0, 0x0, 0x0, 0x0, 0x0, 0x0, 0x0, 0x0, 57564), -- 1301 - 
(1299, 0, 30, 30, 0x0, 0x0, 0x0, 0x0, 0x0, 0x0, 0x0, 0x0, 57564), -- 1299 - 
(6740, 0, 30, 30, 0x0, 0x0, 0x0, 0x0, 0x0, 0x0, 0x0, 0x0, 57564), -- 6740 - 
(1431, 0, 30, 30, 0x0, 0x0, 0x0, 0x0, 0x0, 0x0, 0x0, 0x0, 57564), -- 1431 - 
(2456, 0, 45, 45, 0x0, 0x0, 0x0, 0x0, 0x0, 0x0, 0x0, 0x0, 57564), -- 2456 - 
(1298, 0, 30, 30, 0x0, 0x0, 0x0, 0x0, 0x0, 0x0, 0x0, 0x0, 57564), -- 1298 - 
(2455, 0, 45, 45, 0x0, 0x0, 0x0, 0x0, 0x0, 0x0, 0x0, 0x0, 57564), -- 2455 - 
(277, 0, 30, 30, 0x0, 0x0, 0x0, 0x0, 0x0, 0x0, 0x0, 0x0, 57564), -- 277 - 
(1297, 0, 30, 30, 0x0, 0x0, 0x0, 0x0, 0x0, 0x0, 0x0, 0x0, 57564), -- 1297 - 
(687, 0, 85, 85, 0x0, 0x0, 0x0, 0x0, 0x0, 0x0, 0x0, 0x0, 57564), -- 687 - 
(52359, 0, 1, 1, 0x20000100, 0x0, 0x0, 0x0, 0x0, 0x0, 0x0, 0x0, 57564), -- 52359 - Sessile, Floating
(52358, 0, 20, 20, 0x10000000, 0x0, 0x2000000, 0x0, 0x0, 0x0, 0x0, 0x0, 57564), -- 52358 - CanSwim - CannotTurn
(52361, 0, 1, 1, 0x30000100, 0x0, 0x0, 0x0, 0x0, 0x0, 0x0, 0x0, 57564), -- 52361 - Sessile, CanSwim, Floating
(17280, 0, 69, 69, 0x0, 0x0, 0x0, 0x0, 0x0, 0x0, 0x0, 0x0, 57564), -- 17280 - 
(31216, 0, 85, 85, 0x0, 0x0, 0x0, 0x0, 0x0, 0x0, 0x0, 0x0, 57564), -- 31216 - 
(3520, 0, 2, 2, 0x0, 0x0, 0x0, 0x0, 0x0, 0x0, 0x0, 0x0, 57564), -- 3520 - 
(2533, 0, 1, 1, 0x0, 0x0, 0x0, 0x0, 0x0, 0x0, 0x0, 0x0, 57564), -- 2533 - 
(2532, 0, 1, 1, 0x0, 0x0, 0x0, 0x0, 0x0, 0x0, 0x0, 0x0, 57564), -- 2532 - 
(4961, 0, 26, 26, 0x0, 0x0, 0x0, 0x0, 0x0, 0x0, 0x0, 0x0, 57564), -- 4961 - 
(1721, 0, 5, 5, 0x0, 0x0, 0x0, 0x0, 0x0, 0x0, 0x0, 0x0, 57564), -- 1721 - 
(3626, 0, 5, 5, 0x0, 0x0, 0x0, 0x0, 0x0, 0x0, 0x0, 0x0, 57564), -- 3626 - 
(51938, 0, 1, 1, 0x0, 0x0, 0x0, 0x0, 0x0, 0x0, 0x0, 0x0, 57564), -- 51938 - 
(13018, 0, 12, 12, 0x0, 0x0, 0x0, 0x0, 0x0, 0x0, 0x0, 0x0, 57564), -- 13018 - 
(50088, 0, 85, 85, 0x20000000, 0x0, 0x0, 0x0, 0x0, 0x0, 0x0, 0x0, 57564), -- 50088 - Floating
(49908, 0, 1, 1, 0x0, 0x0, 0x0, 0x0, 0x0, 0x0, 0x0, 0x0, 57564), -- 49908 - 
(49907, 0, 1, 1, 0x0, 0x0, 0x0, 0x0, 0x0, 0x0, 0x0, 0x0, 57564), -- 49907 - 
(46153, 0, 85, 85, 0x0, 0x0, 0x0, 0x0, 0x0, 0x0, 0x0, 0x0, 57564), -- 46153 - 
(1412, 0, 1, 1, 0x0, 0x0, 0x0, 0x0, 0x0, 0x0, 0x0, 0x0, 57564), -- 1412 - 
(10200, 0, 85, 85, 0x0, 0x0, 0x0, 0x0, 0x0, 0x0, 0x0, 0x0, 57564), -- 10200 - 
(44395, 0, 40, 40, 0x10000000, 0x0, 0x0, 0x0, 0x0, 0x0, 0x0, 0x0, 57564), -- 44395 - CanSwim
(43840, 0, 45, 45, 0x0, 0x0, 0x0, 0x0, 0x0, 0x0, 0x0, 0x0, 57564), -- 43840 - 
(834, 0, 85, 85, 0x0, 0x0, 0x0, 0x0, 0x0, 0x0, 0x0, 0x0, 57564), -- 834 - 
(43825, 0, 45, 45, 0x0, 0x0, 0x0, 0x0, 0x0, 0x0, 0x0, 0x0, 57564), -- 43825 - 
(43823, 0, 45, 45, 0x0, 0x0, 0x0, 0x0, 0x0, 0x0, 0x0, 0x0, 57564), -- 43823 - 
(43824, 0, 45, 45, 0x0, 0x0, 0x0, 0x0, 0x0, 0x0, 0x0, 0x0, 57564), -- 43824 - 
(43725, 0, 45, 45, 0x0, 0x0, 0x0, 0x0, 0x0, 0x0, 0x0, 0x0, 57564), -- 43725 - 
(3504, 0, 1, 1, 0x0, 0x0, 0x0, 0x0, 0x0, 0x0, 0x0, 0x0, 57564), -- 3504 - 
(2331, 0, 1, 1, 0x0, 0x0, 0x0, 0x0, 0x0, 0x0, 0x0, 0x0, 57564), -- 2331 - 
(2330, 0, 25, 25, 0x0, 0x0, 0x0, 0x0, 0x0, 0x0, 0x0, 0x0, 57564), -- 2330 - 
(43842, 0, 85, 85, 0x0, 0x0, 0x0, 0x0, 0x0, 0x0, 0x0, 0x0, 57564), -- 43842 - 
(5509, 0, 30, 30, 0x0, 0x0, 0x0, 0x0, 0x0, 0x0, 0x0, 0x0, 57564), -- 5509 - 
(43724, 0, 45, 45, 0x0, 0x0, 0x0, 0x0, 0x0, 0x0, 0x0, 0x0, 57564), -- 43724 - 
(1416, 0, 50, 50, 0x0, 0x0, 0x0, 0x0, 0x0, 0x0, 0x0, 0x0, 57564), -- 1416 - 
(7232, 0, 60, 60, 0x0, 0x0, 0x0, 0x0, 0x0, 0x0, 0x0, 0x0, 57564), -- 7232 - 
(43841, 0, 85, 85, 0x0, 0x0, 0x0, 0x0, 0x0, 0x0, 0x0, 0x0, 57564), -- 43841 - 
(47688, 0, 85, 85, 0x10000000, 0x0, 0x0, 0x0, 0x0, 0x0, 0x0, 0x0, 57564), -- 47688 - CanSwim
(43723, 0, 45, 45, 0x0, 0x0, 0x0, 0x0, 0x0, 0x0, 0x0, 0x0, 57564), -- 43723 - 
(43690, 0, 85, 85, 0x0, 0x0, 0x0, 0x0, 0x0, 0x0, 0x0, 0x0, 57564), -- 43690 - 
(521, 0, 38, 38, 0x0, 0x0, 0x0, 0x0, 0x0, 0x0, 0x0, 0x0, 57564), -- 521 - 
(5514, 0, 30, 30, 0x0, 0x0, 0x0, 0x0, 0x0, 0x0, 0x0, 0x0, 57564), -- 5514 - 
(11026, 0, 24, 24, 0x0, 0x0, 0x0, 0x0, 0x0, 0x0, 0x0, 0x0, 57564), -- 11026 - 
(18670, 0, 85, 85, 0x10000000, 0x0, 0x0, 0x0, 0x0, 0x0, 0x0, 0x0, 57564), -- 18670 - CanSwim
(5513, 0, 35, 35, 0x0, 0x0, 0x0, 0x0, 0x0, 0x0, 0x0, 0x0, 57564), -- 5513 - 
(14563, 0, 2, 2, 0x0, 0x0, 0x0, 0x0, 0x0, 0x0, 0x0, 0x0, 57564), -- 14563 - 
(20407, 0, 60, 60, 0x0, 0x0, 0x0, 0x0, 0x0, 0x0, 0x0, 0x0, 57564), -- 20407 - 
(48633, 0, 1, 1, 0x20000100, 0x0, 0x0, 0x0, 0x0, 0x0, 0x0, 0x0, 57564), -- 48633 - Sessile, Floating
(44394, 0, 40, 40, 0x0, 0x0, 0x0, 0x0, 0x0, 0x0, 0x0, 0x0, 57564), -- 44394 - 
(44393, 0, 50, 50, 0x0, 0x0, 0x0, 0x0, 0x0, 0x0, 0x0, 0x0, 57564), -- 44393 - 
(43034, 0, 30, 30, 0x0, 0x0, 0x0, 0x0, 0x0, 0x0, 0x0, 0x0, 57564), -- 43034 - 
(5519, 0, 30, 30, 0x0, 0x0, 0x0, 0x0, 0x0, 0x0, 0x0, 0x0, 57564), -- 5519 - 
(5518, 0, 35, 35, 0x0, 0x0, 0x0, 0x0, 0x0, 0x0, 0x0, 0x0, 57564), -- 5518 - 
(48634, 0, 1, 1, 0x20000100, 0x0, 0x0, 0x0, 0x0, 0x0, 0x0, 0x0, 57564), -- 48634 - Sessile, Floating
(44236, 0, 30, 30, 0x0, 0x0, 0x0, 0x0, 0x0, 0x0, 0x0, 0x0, 57564), -- 44236 - 
(44235, 0, 30, 30, 0x0, 0x0, 0x0, 0x0, 0x0, 0x0, 0x0, 0x0, 57564), -- 44235 - 
(56097, 0, 1, 1, 0x20000100, 0x0, 0x0, 0x0, 0x0, 0x0, 0x0, 0x0, 57564), -- 56097 - Sessile, Floating
(6579, 0, 17, 17, 0x0, 0x0, 0x0, 0x0, 0x0, 0x0, 0x0, 0x0, 57564), -- 6579 - 
(45306, 0, 60, 60, 0x10000000, 0x0, 0x0, 0x0, 0x0, 0x0, 0x0, 0x0, 57564), -- 45306 - CanSwim
(14439, 0, 85, 85, 0x10000000, 0x0, 0x0, 0x0, 0x0, 0x0, 0x0, 0x0, 57564), -- 14439 - CanSwim
(29725, 0, 75, 75, 0x10000000, 0x0, 0x0, 0x0, 0x0, 0x0, 0x0, 0x0, 57564), -- 29725 - CanSwim
(7798, 0, 50, 50, 0x0, 0x0, 0x0, 0x0, 0x0, 0x0, 0x0, 0x0, 57564), -- 7798 - 
(957, 0, 30, 30, 0x0, 0x0, 0x0, 0x0, 0x0, 0x0, 0x0, 0x0, 57564), -- 957 - 
(5413, 0, 40, 40, 0x0, 0x0, 0x0, 0x0, 0x0, 0x0, 0x0, 0x0, 57564), -- 5413 - 
(5511, 0, 33, 33, 0x0, 0x0, 0x0, 0x0, 0x0, 0x0, 0x0, 0x0, 57564), -- 5511 - 
(5510, 0, 30, 30, 0x0, 0x0, 0x0, 0x0, 0x0, 0x0, 0x0, 0x0, 57564), -- 5510 - 
(5512, 0, 30, 30, 0x0, 0x0, 0x0, 0x0, 0x0, 0x0, 0x0, 0x0, 57564), -- 5512 - 
(11069, 0, 30, 30, 0x0, 0x0, 0x0, 0x0, 0x0, 0x0, 0x0, 0x0, 57564), -- 11069 - 
(1472, 0, 53, 53, 0x0, 0x0, 0x0, 0x0, 0x0, 0x0, 0x0, 0x0, 57564), -- 1472 - 
(44392, 0, 40, 40, 0x0, 0x0, 0x0, 0x0, 0x0, 0x0, 0x0, 0x0, 57564), -- 44392 - 
(5517, 0, 40, 40, 0x0, 0x0, 0x0, 0x0, 0x0, 0x0, 0x0, 0x0, 57564), -- 5517 - 
(5515, 0, 60, 60, 0x0, 0x0, 0x0, 0x0, 0x0, 0x0, 0x0, 0x0, 57564), -- 5515 - 
(5516, 0, 50, 50, 0x0, 0x0, 0x0, 0x0, 0x0, 0x0, 0x0, 0x0, 57564), -- 5516 - 
(2879, 0, 40, 40, 0x0, 0x0, 0x0, 0x0, 0x0, 0x0, 0x0, 0x0, 57564), -- 2879 - 
(58167, 0, 45, 45, 0x10000000, 0x0, 0x0, 0x0, 0x0, 0x0, 0x0, 0x0, 57564), -- 58167 - CanSwim
(656, 0, 20, 20, 0x0, 0x0, 0x0, 0x0, 0x0, 0x0, 0x0, 0x0, 57564), -- 656 - 
(54219, 0, 27, 27, 0x10000000, 0x0, 0x0, 0x0, 0x0, 0x0, 0x0, 0x0, 57564), -- 54219 - CanSwim
(54218, 0, 25, 25, 0x10000000, 0x0, 0x0, 0x0, 0x0, 0x0, 0x0, 0x0, 57564), -- 54218 - CanSwim
(54215, 0, 34, 34, 0x10000000, 0x0, 0x0, 0x0, 0x0, 0x0, 0x0, 0x0, 57564), -- 54215 - CanSwim
(1756, 0, 85, 85, 0x10000000, 0x0, 0x0, 0x0, 0x0, 0x0, 0x0, 0x0, 57564), -- 1756 - CanSwim
(54214, 0, 25, 25, 0x10000000, 0x0, 0x0, 0x0, 0x0, 0x0, 0x0, 0x0, 57564), -- 54214 - CanSwim
(53991, 0, 45, 45, 0x10000000, 0x0, 0x0, 0x0, 0x0, 0x0, 0x0, 0x0, 57564), -- 53991 - CanSwim
(53641, 0, 30, 30, 0x0, 0x0, 0x0, 0x0, 0x0, 0x0, 0x0, 0x0, 57564), -- 53641 - 
(5384, 0, 40, 40, 0x0, 0x0, 0x0, 0x0, 0x0, 0x0, 0x0, 0x0, 57564), -- 5384 - 
(54217, 0, 34, 34, 0x10000000, 0x0, 0x0, 0x0, 0x0, 0x0, 0x0, 0x0, 57564), -- 54217 - CanSwim
(54216, 0, 27, 27, 0x10000000, 0x0, 0x0, 0x0, 0x0, 0x0, 0x0, 0x0, 57564), -- 54216 - CanSwim
(1478, 0, 30, 30, 0x0, 0x0, 0x0, 0x0, 0x0, 0x0, 0x0, 0x0, 57564), -- 1478 - 
(1477, 0, 30, 30, 0x0, 0x0, 0x0, 0x0, 0x0, 0x0, 0x0, 0x0, 57564), -- 1477 - 
(55684, 0, 30, 30, 0x0, 0x0, 0x0, 0x0, 0x0, 0x0, 0x0, 0x0, 57564), -- 55684 - 
(38821, 0, 1, 1, 0x20000100, 0x0, 0x0, 0x0, 0x0, 0x0, 0x0, 0x0, 57564), -- 38821 - Sessile, Floating
(1395, 0, 10, 10, 0x0, 0x0, 0x0, 0x0, 0x0, 0x0, 0x0, 0x0, 57564), -- 1395 - 
(1333, 0, 30, 30, 0x0, 0x0, 0x0, 0x0, 0x0, 0x0, 0x0, 0x0, 57564), -- 1333 - 
(2795, 0, 35, 35, 0x0, 0x0, 0x0, 0x0, 0x0, 0x0, 0x0, 0x0, 57564), -- 2795 - 
(1339, 0, 30, 30, 0x0, 0x0, 0x0, 0x0, 0x0, 0x0, 0x0, 0x0, 57564), -- 1339 - 
(2198, 0, 3, 3, 0x0, 0x0, 0x0, 0x0, 0x0, 0x0, 0x0, 0x0, 57564), -- 2198 - 
(1320, 0, 30, 30, 0x0, 0x0, 0x0, 0x0, 0x0, 0x0, 0x0, 0x0, 57564), -- 1320 - 
(1292, 0, 35, 35, 0x0, 0x0, 0x0, 0x0, 0x0, 0x0, 0x0, 0x0, 57564), -- 1292 - 
(23050, 0, 5, 5, 0x0, 0x0, 0x0, 0x0, 0x0, 0x0, 0x0, 0x0, 57564), -- 23050 - 
(11096, 0, 24, 24, 0x0, 0x0, 0x0, 0x0, 0x0, 0x0, 0x0, 0x0, 57564), -- 11096 - 
(5565, 0, 30, 30, 0x0, 0x0, 0x0, 0x0, 0x0, 0x0, 0x0, 0x0, 57564), -- 5565 - 
(42722, 0, 55, 55, 0x0, 0x0, 0x0, 0x0, 0x0, 0x0, 0x0, 0x0, 57564), -- 42722 - 
(5564, 0, 35, 35, 0x0, 0x0, 0x0, 0x0, 0x0, 0x0, 0x0, 0x0, 57564), -- 5564 - 
(1321, 0, 30, 30, 0x0, 0x0, 0x0, 0x0, 0x0, 0x0, 0x0, 0x0, 57564), -- 1321 - 
(1319, 0, 30, 30, 0x0, 0x0, 0x0, 0x0, 0x0, 0x0, 0x0, 0x0, 57564), -- 1319 - 
(14438, 0, 85, 85, 0x10000000, 0x0, 0x0, 0x0, 0x0, 0x0, 0x0, 0x0, 57564), -- 14438 - CanSwim
(44582, 0, 30, 30, 0x0, 0x0, 0x0, 0x0, 0x0, 0x0, 0x0, 0x0, 57564), -- 44582 - 
(50480, 0, 30, 30, 0x10000000, 0x0, 0x0, 0x0, 0x0, 0x0, 0x0, 0x0, 57564), -- 50480 - CanSwim
(44583, 0, 30, 30, 0x0, 0x0, 0x0, 0x0, 0x0, 0x0, 0x0, 0x0, 57564), -- 44583 - 
(29142, 0, 35, 35, 0x10000000, 0x0, 0x0, 0x0, 0x0, 0x0, 0x0, 0x0, 57564), -- 29142 - CanSwim
(14423, 0, 85, 85, 0x10000000, 0x0, 0x0, 0x0, 0x0, 0x0, 0x0, 0x0, 57564), -- 14423 - CanSwim
(1402, 0, 1, 1, 0x0, 0x0, 0x0, 0x0, 0x0, 0x0, 0x0, 0x0, 57564), -- 1402 - 
(44774, 0, 30, 30, 0x10000000, 0x0, 0x0, 0x0, 0x0, 0x0, 0x0, 0x0, 57564), -- 44774 - CanSwim
(3518, 0, 15, 15, 0x0, 0x0, 0x0, 0x0, 0x0, 0x0, 0x0, 0x0, 57564), -- 3518 - 
(44773, 0, 3, 3, 0x10000000, 0x0, 0x0, 0x0, 0x0, 0x0, 0x0, 0x0, 57564), -- 44773 - CanSwim
(8670, 0, 85, 85, 0x0, 0x0, 0x0, 0x0, 0x0, 0x0, 0x0, 0x0, 57564), -- 8670 - 
(8719, 0, 85, 85, 0x0, 0x0, 0x0, 0x0, 0x0, 0x0, 0x0, 0x0, 57564), -- 8719 - 
(20748, 0, 85, 85, 0x0, 0x0, 0x0, 0x0, 0x0, 0x0, 0x0, 0x0, 57564), -- 20748 - 
(1294, 0, 30, 30, 0x0, 0x0, 0x0, 0x0, 0x0, 0x0, 0x0, 0x0, 57564), -- 1294 - 
(1295, 0, 30, 30, 0x0, 0x0, 0x0, 0x0, 0x0, 0x0, 0x0, 0x0, 57564), -- 1295 - 
(1291, 0, 30, 30, 0x0, 0x0, 0x0, 0x0, 0x0, 0x0, 0x0, 0x0, 57564), -- 1291 - 
(15659, 0, 85, 85, 0x0, 0x0, 0x0, 0x0, 0x0, 0x0, 0x0, 0x0, 57564), -- 15659 - 
(14430, 0, 16, 16, 0x0, 0x0, 0x0, 0x0, 0x0, 0x0, 0x0, 0x0, 57564), -- 14430 - 
(1427, 0, 12, 12, 0x0, 0x0, 0x0, 0x0, 0x0, 0x0, 0x0, 0x0, 57564), -- 1427 - 
(1558, 0, 38, 38, 0x0, 0x0, 0x0, 0x0, 0x0, 0x0, 0x0, 0x0, 57564), -- 1558 - 
(417, 0, 85, 85, 0x0, 0x0, 0x0, 0x0, 0x0, 0x0, 0x0, 0x0, 57564), -- 417 - 
(29238, 0, 1, 1, 0x0, 0x0, 0x0, 0x0, 0x0, 0x0, 0x0, 0x0, 57564), -- 29238 - 
(1289, 0, 30, 30, 0x0, 0x0, 0x0, 0x0, 0x0, 0x0, 0x0, 0x0, 57564), -- 1289 - 
(1287, 0, 30, 30, 0x0, 0x0, 0x0, 0x0, 0x0, 0x0, 0x0, 0x0, 57564), -- 1287 - 
(49748, 0, 85, 85, 0x10000000, 0x0, 0x0, 0x0, 0x0, 0x0, 0x0, 0x0, 57564), -- 49748 - CanSwim
(12481, 0, 57, 57, 0x0, 0x0, 0x0, 0x0, 0x0, 0x0, 0x0, 0x0, 57564), -- 12481 - 
(12480, 0, 58, 58, 0x0, 0x0, 0x0, 0x0, 0x0, 0x0, 0x0, 0x0, 57564), -- 12480 - 
(21956, 0, 85, 85, 0x10000000, 0x0, 0x0, 0x0, 0x0, 0x0, 0x0, 0x0, 57564), -- 21956 - CanSwim
(510, 0, 14, 14, 0x0, 0x0, 0x0, 0x0, 0x0, 0x0, 0x0, 0x0, 57564), -- 510 - 
(17252, 0, 75, 85, 0x10000000, 0x0, 0x0, 0x0, 0x0, 0x0, 0x0, 0x0, 57564), -- 17252 - CanSwim
(32639, 0, 80, 80, 0x30000100, 0x0, 0x0, 0x0, 0x0, 0x0, 0x0, 0x0, 57564), -- 32639 - Sessile, CanSwim, Floating
(32638, 0, 80, 80, 0x30000100, 0x0, 0x0, 0x0, 0x0, 0x0, 0x0, 0x0, 57564), -- 32638 - Sessile, CanSwim, Floating
(18476, 0, 85, 85, 0x10000000, 0x0, 0x0, 0x0, 0x0, 0x0, 0x0, 0x0, 57564), -- 18476 - CanSwim
(29172, 0, 1, 1, 0x0, 0x0, 0x0, 0x0, 0x0, 0x0, 0x0, 0x0, 57564), -- 29172 - 
(45450, 0, 85, 85, 0x0, 0x0, 0x0, 0x0, 0x0, 0x0, 0x0, 0x0, 57564), -- 45450 - 
(1275, 0, 30, 30, 0x0, 0x0, 0x0, 0x0, 0x0, 0x0, 0x0, 0x0, 57564), -- 1275 - 
(1257, 0, 30, 30, 0x0, 0x0, 0x0, 0x0, 0x0, 0x0, 0x0, 0x0, 57564), -- 1257 - 
(279, 0, 30, 30, 0x0, 0x0, 0x0, 0x0, 0x0, 0x0, 0x0, 0x0, 57564), -- 279 - 
(43820, 0, 45, 45, 0x0, 0x0, 0x0, 0x0, 0x0, 0x0, 0x0, 0x0, 57564), -- 43820 - 
(43819, 0, 45, 45, 0x0, 0x0, 0x0, 0x0, 0x0, 0x0, 0x0, 0x0, 57564), -- 43819 - 
(43822, 0, 45, 45, 0x0, 0x0, 0x0, 0x0, 0x0, 0x0, 0x0, 0x0, 57564), -- 43822 - 
(26125, 0, 82, 85, 0x0, 0x0, 0x0, 0x0, 0x0, 0x0, 0x0, 0x0, 57564), -- 26125 - 
(51440, 0, 1, 1, 0x0, 0x0, 0x0, 0x0, 0x0, 0x0, 0x0, 0x0, 57564), -- 51440 - 
(5193, 0, 25, 25, 0x0, 0x0, 0x0, 0x0, 0x0, 0x0, 0x0, 0x0, 57564), -- 5193 - 
(1432, 0, 45, 45, 0x0, 0x0, 0x0, 0x0, 0x0, 0x0, 0x0, 0x0, 57564), -- 1432 - 
(6174, 0, 5, 5, 0x0, 0x0, 0x0, 0x0, 0x0, 0x0, 0x0, 0x0, 57564), -- 6174 - 
(4974, 0, 50, 50, 0x0, 0x0, 0x0, 0x0, 0x0, 0x0, 0x0, 0x0, 57564), -- 4974 - 
(46602, 0, 45, 45, 0x0, 0x0, 0x0, 0x0, 0x0, 0x0, 0x0, 0x0, 57564), -- 46602 - 
(466, 0, 87, 87, 0x0, 0x0, 0x0, 0x0, 0x0, 0x0, 0x0, 0x0, 57564), -- 466 - 
(48632, 0, 40, 40, 0x0, 0x0, 0x0, 0x0, 0x0, 0x0, 0x0, 0x0, 57564), -- 48632 - 
(1286, 0, 30, 30, 0x0, 0x0, 0x0, 0x0, 0x0, 0x0, 0x0, 0x0, 57564), -- 1286 - 
(1285, 0, 30, 30, 0x0, 0x0, 0x0, 0x0, 0x0, 0x0, 0x0, 0x0, 57564), -- 1285 - 
(50669, 0, 85, 85, 0x10000000, 0x0, 0x0, 0x0, 0x0, 0x0, 0x0, 0x0, 57564), -- 50669 - CanSwim
(51348, 0, 85, 85, 0x30000000, 0x0, 0x0, 0x0, 0x0, 0x0, 0x0, 0x0, 57564), -- 51348 - CanSwim, Floating
(42421, 0, 23, 24, 0x10000000, 0x0, 0x0, 0x0, 0x0, 0x0, 0x0, 0x0, 57564), -- 42421 - CanSwim
(482, 0, 30, 30, 0x0, 0x0, 0x0, 0x0, 0x0, 0x0, 0x0, 0x0, 57564), -- 482 - 
(12785, 0, 55, 55, 0x10000000, 0x0, 0x0, 0x0, 0x0, 0x0, 0x0, 0x0, 57564), -- 12785 - CanSwim
(12784, 0, 55, 55, 0x10000000, 0x0, 0x0, 0x0, 0x0, 0x0, 0x0, 0x0, 57564), -- 12784 - CanSwim
(483, 0, 30, 30, 0x0, 0x0, 0x0, 0x0, 0x0, 0x0, 0x0, 0x0, 57564), -- 483 - 
(50523, 0, 85, 85, 0x10000000, 0x0, 0x0, 0x0, 0x0, 0x0, 0x0, 0x0, 57564), -- 50523 - CanSwim
(2334, 0, 5, 5, 0x0, 0x0, 0x0, 0x0, 0x0, 0x0, 0x0, 0x0, 57564), -- 2334 - 
(50525, 0, 77, 77, 0x30000100, 0x0, 0x0, 0x0, 0x0, 0x0, 0x0, 0x0, 57564), -- 50525 - Sessile, CanSwim, Floating
(4981, 0, 25, 25, 0x0, 0x0, 0x0, 0x0, 0x0, 0x0, 0x0, 0x0, 57564), -- 4981 - 
(50524, 0, 65, 65, 0x10000000, 0x0, 0x0, 0x0, 0x0, 0x0, 0x0, 0x0, 57564), -- 50524 - CanSwim
(42339, 0, 1, 5, 0x0, 0x0, 0x0, 0x0, 0x0, 0x0, 0x0, 0x0, 57564), -- 42339 - 
(52537, 0, 75, 75, 0x10000000, 0x0, 0x0, 0x0, 0x0, 0x0, 0x0, 0x0, 57564), -- 52537 - CanSwim
(12781, 0, 55, 55, 0x10000000, 0x0, 0x0, 0x0, 0x0, 0x0, 0x0, 0x0, 57564), -- 12781 - CanSwim
(12778, 0, 65, 65, 0x10000000, 0x0, 0x0, 0x0, 0x0, 0x0, 0x0, 0x0, 57564), -- 12778 - CanSwim
(49540, 0, 1, 1, 0x0, 0x0, 0x0, 0x0, 0x0, 0x0, 0x0, 0x0, 57564), -- 49540 - 
(18927, 0, 1, 1, 0x10000000, 0x0, 0x0, 0x0, 0x0, 0x0, 0x0, 0x0, 57564), -- 18927 - CanSwim
(12787, 0, 75, 75, 0x10000000, 0x0, 0x0, 0x0, 0x0, 0x0, 0x0, 0x0, 57564), -- 12787 - CanSwim
(12786, 0, 75, 75, 0x10000000, 0x0, 0x0, 0x0, 0x0, 0x0, 0x0, 0x0, 57564), -- 12786 - CanSwim
(49877, 0, 60, 60, 0x0, 0x0, 0x0, 0x0, 0x0, 0x0, 0x0, 0x0, 57564), -- 49877 - 
(52030, 0, 55, 55, 0x0, 0x0, 0x0, 0x0, 0x0, 0x0, 0x0, 0x0, 57564), -- 52030 - 
(52029, 0, 55, 55, 0x0, 0x0, 0x0, 0x0, 0x0, 0x0, 0x0, 0x0, 57564), -- 52029 - 
(35477, 0, 6, 6, 0x0, 0x0, 0x0, 0x0, 0x0, 0x0, 0x0, 0x0, 57564), -- 35477 - 
(1302, 0, 30, 30, 0x0, 0x0, 0x0, 0x0, 0x0, 0x0, 0x0, 0x0, 57564), -- 1302 - 
(12780, 0, 55, 55, 0x10000000, 0x0, 0x0, 0x0, 0x0, 0x0, 0x0, 0x0, 57564), -- 12780 - CanSwim
(12779, 0, 55, 55, 0x10000000, 0x0, 0x0, 0x0, 0x0, 0x0, 0x0, 0x0, 57564), -- 12779 - CanSwim
(15103, 0, 55, 55, 0x0, 0x0, 0x0, 0x0, 0x0, 0x0, 0x0, 0x0, 57564), -- 15103 - 
(19848, 0, 69, 69, 0x10000000, 0x0, 0x0, 0x0, 0x0, 0x0, 0x0, 0x0, 57564), -- 19848 - CanSwim
(52546, 0, 65, 65, 0x10000000, 0x0, 0x0, 0x0, 0x0, 0x0, 0x0, 0x0, 57564), -- 52546 - CanSwim
(52545, 0, 75, 75, 0x10000000, 0x0, 0x0, 0x0, 0x0, 0x0, 0x0, 0x0, 57564), -- 52545 - CanSwim
(1303, 0, 30, 30, 0x0, 0x0, 0x0, 0x0, 0x0, 0x0, 0x0, 0x0, 57564), -- 1303 - 
(4075, 0, 1, 1, 0x0, 0x0, 0x0, 0x0, 0x0, 0x0, 0x0, 0x0, 57564), -- 4075 - 
(18406, 0, 70, 70, 0x0, 0x0, 0x0, 0x0, 0x0, 0x0, 0x0, 0x0, 57564), -- 18406 - 
(18362, 0, 70, 70, 0x0, 0x0, 0x0, 0x0, 0x0, 0x0, 0x0, 0x0, 57564), -- 18362 - 
(43769, 0, 50, 50, 0x0, 0x0, 0x0, 0x0, 0x0, 0x0, 0x0, 0x0, 57564), -- 43769 - 
(43768, 0, 50, 50, 0x0, 0x0, 0x0, 0x0, 0x0, 0x0, 0x0, 0x0, 57564), -- 43768 - 
(18360, 0, 60, 60, 0x0, 0x0, 0x0, 0x0, 0x0, 0x0, 0x0, 0x0, 57564), -- 18360 - 
(18359, 0, 60, 60, 0x0, 0x0, 0x0, 0x0, 0x0, 0x0, 0x0, 0x0, 57564), -- 18359 - 
(18357, 0, 60, 60, 0x0, 0x0, 0x0, 0x0, 0x0, 0x0, 0x0, 0x0, 57564), -- 18357 - 
(18376, 0, 70, 70, 0x0, 0x0, 0x0, 0x0, 0x0, 0x0, 0x0, 0x0, 57564), -- 18376 - 
(18375, 0, 70, 70, 0x0, 0x0, 0x0, 0x0, 0x0, 0x0, 0x0, 0x0, 57564), -- 18375 - 
(1976, 0, 85, 85, 0x10000000, 0x0, 0x0, 0x0, 0x0, 0x0, 0x0, 0x0, 57564), -- 1976 - CanSwim
(352, 0, 85, 85, 0x0, 0x0, 0x0, 0x0, 0x0, 0x0, 0x0, 0x0, 57564), -- 352 - 
(14394, 0, 60, 60, 0x0, 0x0, 0x0, 0x0, 0x0, 0x0, 0x0, 0x0, 57564), -- 14394 - 
(32520, 0, 60, 60, 0x20000000, 0x0, 0x0, 0x0, 0x0, 0x0, 0x0, 0x0, 57564), -- 32520 - Floating
(14721, 0, 62, 62, 0x0, 0x0, 0x0, 0x0, 0x0, 0x0, 0x0, 0x0, 57564), -- 14721 - 
(37574, 0, 60, 60, 0x20000000, 0x0, 0x0, 0x0, 0x0, 0x0, 0x0, 0x0, 57564), -- 37574 - Floating
(37543, 0, 60, 60, 0x20000000, 0x0, 0x0, 0x0, 0x0, 0x0, 0x0, 0x0, 57564), -- 37543 - Floating
(17804, 0, 52, 52, 0x10000000, 0x0, 0x0, 0x0, 0x0, 0x0, 0x0, 0x0, 57564), -- 17804 - CanSwim
(28571, 0, 46, 46, 0x10000000, 0x0, 0x0, 0x0, 0x0, 0x0, 0x0, 0x0, 57564), -- 28571 - CanSwim
(4959, 0, 15, 15, 0x0, 0x0, 0x0, 0x0, 0x0, 0x0, 0x0, 0x0, 57564), -- 4959 - 
(28572, 0, 46, 46, 0x10000000, 0x0, 0x0, 0x0, 0x0, 0x0, 0x0, 0x0, 57564), -- 28572 - CanSwim
(28569, 0, 30, 34, 0x10000000, 0x0, 0x0, 0x0, 0x0, 0x0, 0x0, 0x0, 57564), -- 28569 - CanSwim
(28596, 0, 30, 34, 0x10000000, 0x0, 0x0, 0x0, 0x0, 0x0, 0x0, 0x0, 57564), -- 28596 - CanSwim
(1860, 0, 11, 11, 0x0, 0x0, 0x0, 0x0, 0x0, 0x0, 0x0, 0x0, 57564), -- 1860 - 
(113, 0, 5, 5, 0x0, 0x0, 0x0, 0x0, 0x0, 0x0, 0x0, 0x0, 57564), -- 113 - 
(66, 0, 10, 10, 0x0, 0x0, 0x0, 0x0, 0x0, 0x0, 0x0, 0x0, 57564), -- 66 - 
(913, 0, 12, 12, 0x0, 0x0, 0x0, 0x0, 0x0, 0x0, 0x0, 0x0, 57564), -- 913 - 
(47384, 0, 10, 10, 0x0, 0x0, 0x0, 0x0, 0x0, 0x0, 0x0, 0x0, 57564), -- 47384 - 
(46985, 0, 1, 1, 0x20000000, 0x0, 0x0, 0x0, 0x0, 0x0, 0x0, 0x0, 57564), -- 46985 - Floating
(46983, 0, 12, 12, 0x0, 0x0, 0x0, 0x0, 0x0, 0x0, 0x0, 0x0, 57564), -- 46983 - 
(46982, 0, 12, 12, 0x10000000, 0x0, 0x0, 0x0, 0x0, 0x0, 0x0, 0x0, 57564), -- 46982 - CanSwim
(927, 0, 11, 11, 0x0, 0x0, 0x0, 0x0, 0x0, 0x0, 0x0, 0x0, 57564), -- 927 - 
(796, 0, 1, 1, 0x0, 0x0, 0x0, 0x0, 0x0, 0x0, 0x0, 0x0, 57564), -- 796 - 
(74, 0, 10, 10, 0x0, 0x0, 0x0, 0x0, 0x0, 0x0, 0x0, 0x0, 57564), -- 74 - 
(795, 0, 1, 1, 0x0, 0x0, 0x0, 0x0, 0x0, 0x0, 0x0, 0x0, 57564), -- 795 - 
(797, 0, 1, 1, 0x0, 0x0, 0x0, 0x0, 0x0, 0x0, 0x0, 0x0, 57564), -- 797 - 
(54, 0, 10, 10, 0x0, 0x0, 0x0, 0x0, 0x0, 0x0, 0x0, 0x0, 57564), -- 54 - 
(241, 0, 5, 5, 0x0, 0x0, 0x0, 0x0, 0x0, 0x0, 0x0, 0x0, 57564), -- 241 - 
(2046, 0, 8, 8, 0x0, 0x0, 0x0, 0x0, 0x0, 0x0, 0x0, 0x0, 57564), -- 2046 - 
(514, 0, 24, 24, 0x0, 0x0, 0x0, 0x0, 0x0, 0x0, 0x0, 0x0, 57564), -- 514 - 
(42983, 0, 85, 85, 0x0, 0x0, 0x0, 0x0, 0x0, 0x0, 0x0, 0x0, 57564), -- 42983 - 
(240, 0, 25, 25, 0x0, 0x0, 0x0, 0x0, 0x0, 0x0, 0x0, 0x0, 57564), -- 240 - 
(11940, 0, 5, 5, 0x0, 0x0, 0x0, 0x0, 0x0, 0x0, 0x0, 0x0, 57564), -- 11940 - 
(6749, 0, 30, 30, 0x0, 0x0, 0x0, 0x0, 0x0, 0x0, 0x0, 0x0, 57564), -- 6749 - 
(5406, 0, 2, 2, 0x0, 0x0, 0x0, 0x0, 0x0, 0x0, 0x0, 0x0, 57564), -- 5406 - 
(620, 0, 1, 1, 0x0, 0x0, 0x0, 0x0, 0x0, 0x0, 0x0, 0x0, 57564); -- 620 - 

INSERT INTO `creature_template_difficulty` (`Entry`, `DifficultyID`, `MinLevel`, `MaxLevel`, `StaticFlags1`, `StaticFlags2`, `StaticFlags3`, `StaticFlags4`, `StaticFlags5`, `StaticFlags6`, `StaticFlags7`, `StaticFlags8`, `VerifiedBuild`) VALUES
(328, 0, 13, 13, 0x0, 0x0, 0x0, 0x0, 0x0, 0x0, 0x0, 0x0, 57564), -- 328 - 
(377, 0, 13, 13, 0x0, 0x0, 0x0, 0x0, 0x0, 0x0, 0x0, 0x0, 57564), -- 377 - 
(253, 0, 6, 6, 0x0, 0x0, 0x0, 0x0, 0x0, 0x0, 0x0, 0x0, 57564), -- 253 - 
(6778, 0, 11, 11, 0x0, 0x0, 0x0, 0x0, 0x0, 0x0, 0x0, 0x0, 57564), -- 6778 - 
(2329, 0, 11, 11, 0x0, 0x0, 0x0, 0x0, 0x0, 0x0, 0x0, 0x0, 57564), -- 2329 - 
(917, 0, 11, 11, 0x0, 0x0, 0x0, 0x0, 0x0, 0x0, 0x0, 0x0, 57564), -- 917 - 
(295, 0, 30, 30, 0x0, 0x0, 0x0, 0x0, 0x0, 0x0, 0x0, 0x0, 57564), -- 295 - 
(151, 0, 10, 10, 0x0, 0x0, 0x0, 0x0, 0x0, 0x0, 0x0, 0x0, 57564), -- 151 - 
(6374, 0, 11, 11, 0x0, 0x0, 0x0, 0x0, 0x0, 0x0, 0x0, 0x0, 57564), -- 6374 - 
(906, 0, 10, 10, 0x0, 0x0, 0x0, 0x0, 0x0, 0x0, 0x0, 0x0, 57564), -- 906 - 
(3935, 0, 10, 10, 0x0, 0x0, 0x0, 0x0, 0x0, 0x0, 0x0, 0x0, 57564), -- 3935 - 
(6121, 0, 10, 10, 0x0, 0x0, 0x0, 0x0, 0x0, 0x0, 0x0, 0x0, 57564), -- 6121 - 
(465, 0, 10, 10, 0x0, 0x0, 0x0, 0x0, 0x0, 0x0, 0x0, 0x0, 57564), -- 465 - 
(1430, 0, 10, 10, 0x0, 0x0, 0x0, 0x0, 0x0, 0x0, 0x0, 0x0, 57564), -- 1430 - 
(794, 0, 1, 1, 0x0, 0x0, 0x0, 0x0, 0x0, 0x0, 0x0, 0x0, 57564), -- 794 - 
(1651, 0, 8, 8, 0x0, 0x0, 0x0, 0x0, 0x0, 0x0, 0x0, 0x0, 57564), -- 1651 - 
(383, 0, 7, 7, 0x0, 0x0, 0x0, 0x0, 0x0, 0x0, 0x0, 0x0, 57564), -- 383 - 
(6306, 0, 12, 12, 0x0, 0x0, 0x0, 0x0, 0x0, 0x0, 0x0, 0x0, 57564), -- 6306 - 
(804, 0, 1, 1, 0x0, 0x0, 0x0, 0x0, 0x0, 0x0, 0x0, 0x0, 57564), -- 804 - 
(811, 0, 1, 1, 0x0, 0x0, 0x0, 0x0, 0x0, 0x0, 0x0, 0x0, 57564), -- 811 - 
(810, 0, 1, 1, 0x0, 0x0, 0x0, 0x0, 0x0, 0x0, 0x0, 0x0, 57564), -- 810 - 
(807, 0, 1, 1, 0x0, 0x0, 0x0, 0x0, 0x0, 0x0, 0x0, 0x0, 57564), -- 807 - 
(806, 0, 1, 1, 0x0, 0x0, 0x0, 0x0, 0x0, 0x0, 0x0, 0x0, 57564), -- 806 - 
(805, 0, 1, 1, 0x0, 0x0, 0x0, 0x0, 0x0, 0x0, 0x0, 0x0, 57564), -- 805 - 
(1632, 0, 22, 22, 0x0, 0x0, 0x0, 0x0, 0x0, 0x0, 0x0, 0x0, 57564), -- 1632 - 
(13321, 0, 1, 1, 0x0, 0x0, 0x0, 0x0, 0x0, 0x0, 0x0, 0x0, 57564), -- 13321 - 
(6774, 0, 10, 10, 0x0, 0x0, 0x0, 0x0, 0x0, 0x0, 0x0, 0x0, 57564), -- 6774 - 
(42938, 0, 5, 5, 0x0, 0x0, 0x0, 0x0, 0x0, 0x0, 0x0, 0x0, 57564), -- 42938 - 
(42937, 0, 3, 4, 0x0, 0x0, 0x0, 0x0, 0x0, 0x0, 0x0, 0x0, 57564), -- 42937 - 
(1642, 0, 90, 90, 0x0, 0x0, 0x0, 0x0, 0x0, 0x0, 0x0, 0x0, 57564), -- 1642 - 
(11260, 0, 1, 1, 0x0, 0x0, 0x0, 0x0, 0x0, 0x0, 0x0, 0x0, 57564), -- 11260 - 
(42940, 0, 1, 1, 0x20000100, 0x0, 0x0, 0x0, 0x0, 0x0, 0x0, 0x0, 57564), -- 42940 - Sessile, Floating
(462, 0, 17, 17, 0x0, 0x0, 0x0, 0x0, 0x0, 0x0, 0x0, 0x0, 57564), -- 462 - 
(50378, 0, 3, 3, 0x30000100, 0x0, 0x100, 0x0, 0x0, 0x0, 0x0, 0x0, 57564), -- 50378 - Sessile, CanSwim, Floating - CannotSwim
(50047, 0, 2, 3, 0x10000000, 0x0, 0x100, 0x0, 0x0, 0x0, 0x0, 0x0, 57564), -- 50047 - CanSwim - CannotSwim
(50039, 0, 3, 3, 0x0, 0x0, 0x0, 0x0, 0x0, 0x0, 0x0, 0x0, 57564), -- 50039 - 
(915, 0, 5, 5, 0x0, 0x0, 0x0, 0x0, 0x0, 0x0, 0x0, 0x0, 57564), -- 915 - 
(42944, 0, 1, 1, 0x20000100, 0x0, 0x0, 0x0, 0x0, 0x0, 0x0, 0x0, 57564), -- 42944 - Sessile, Floating
(823, 0, 18, 18, 0x0, 0x0, 0x2000000, 0x0, 0x0, 0x0, 0x0, 0x0, 57564), -- 823 - CannotTurn
(951, 0, 4, 4, 0x0, 0x0, 0x0, 0x0, 0x0, 0x0, 0x0, 0x0, 57564), -- 951 - 
(6373, 0, 8, 8, 0x0, 0x0, 0x0, 0x0, 0x0, 0x0, 0x0, 0x0, 57564), -- 6373 - 
(12922, 0, 8, 11, 0x0, 0x0, 0x0, 0x0, 0x0, 0x0, 0x0, 0x0, 57564), -- 12922 - 
(911, 0, 5, 5, 0x0, 0x0, 0x0, 0x0, 0x0, 0x0, 0x0, 0x0, 57564), -- 911 - 
(198, 0, 5, 5, 0x0, 0x0, 0x0, 0x0, 0x0, 0x0, 0x0, 0x0, 57564), -- 198 - 
(24110, 0, 85, 85, 0x20000000, 0x0, 0x0, 0x0, 0x0, 0x0, 0x0, 0x0, 57564), -- 24110 - Floating
(375, 0, 5, 5, 0x0, 0x0, 0x0, 0x0, 0x0, 0x0, 0x0, 0x0, 57564), -- 375 - 
(925, 0, 5, 5, 0x0, 0x0, 0x0, 0x0, 0x0, 0x0, 0x0, 0x0, 57564), -- 925 - 
(459, 0, 5, 5, 0x0, 0x0, 0x0, 0x0, 0x0, 0x0, 0x0, 0x0, 57564), -- 459 - 
(196, 0, 3, 3, 0x0, 0x0, 0x0, 0x0, 0x0, 0x0, 0x0, 0x0, 57564), -- 196 - 
(952, 0, 50, 50, 0x0, 0x0, 0x0, 0x0, 0x0, 0x0, 0x0, 0x0, 57564), -- 952 - 
(49874, 0, 1, 2, 0x0, 0x0, 0x0, 0x0, 0x0, 0x0, 0x0, 0x0, 57564), -- 49874 - 
(49871, 0, 1, 1, 0x0, 0x0, 0x0, 0x0, 0x0, 0x0, 0x0, 0x0, 57564), -- 49871 - 
(49869, 0, 2, 3, 0x10000000, 0x0, 0x0, 0x0, 0x0, 0x0, 0x0, 0x0, 57564), -- 49869 - CanSwim
(43292, 0, 1, 1, 0x0, 0x0, 0x0, 0x0, 0x0, 0x0, 0x0, 0x0, 57564), -- 43292 - 
(43291, 0, 1, 1, 0x0, 0x0, 0x0, 0x0, 0x0, 0x0, 0x0, 0x0, 57564), -- 43291 - 
(43278, 0, 5, 5, 0x0, 0x0, 0x0, 0x0, 0x0, 0x0, 0x0, 0x0, 57564), -- 43278 - 
(197, 0, 20, 20, 0x0, 0x0, 0x0, 0x0, 0x0, 0x0, 0x0, 0x0, 57564), -- 197 - 
(190, 0, 5, 5, 0x0, 0x0, 0x0, 0x0, 0x0, 0x0, 0x0, 0x0, 57564), -- 190 - 
(1213, 0, 5, 5, 0x0, 0x0, 0x0, 0x0, 0x0, 0x0, 0x0, 0x0, 57564), -- 1213 - 
(42717, 0, 1, 43, 0x0, 0x0, 0x0, 0x0, 0x0, 0x0, 0x0, 0x0, 57564), -- 42717 - 
(5403, 0, 2, 2, 0x0, 0x0, 0x0, 0x0, 0x0, 0x0, 0x0, 0x0, 57564), -- 5403 - 
(42218, 0, 80, 80, 0x10000000, 0x0, 0x0, 0x0, 0x0, 0x0, 0x0, 0x0, 57564), -- 42218 - CanSwim
(9296, 0, 2, 2, 0x0, 0x0, 0x0, 0x0, 0x0, 0x0, 0x0, 0x0, 57564), -- 9296 - 
(78, 0, 5, 5, 0x0, 0x0, 0x0, 0x0, 0x0, 0x0, 0x0, 0x0, 57564), -- 78 - 
(416, 0, 4, 85, 0x0, 0x0, 0x0, 0x0, 0x0, 0x0, 0x0, 0x0, 57564), -- 416 - 
(42216, 0, 5, 6, 0x0, 0x0, 0x0, 0x0, 0x0, 0x0, 0x0, 0x0, 57564), -- 42216 - 
(152, 0, 5, 5, 0x0, 0x0, 0x0, 0x0, 0x0, 0x0, 0x0, 0x0, 57564), -- 152 - 
(44564, 0, 30, 30, 0x10000000, 0x0, 0x0, 0x0, 0x0, 0x0, 0x0, 0x0, 57564), -- 44564 - CanSwim
(6367, 0, 5, 5, 0x0, 0x0, 0x0, 0x0, 0x0, 0x0, 0x0, 0x0, 57564), -- 6367 - 
(7385, 0, 1, 1, 0x0, 0x0, 0x0, 0x0, 0x0, 0x0, 0x0, 0x0, 57564), -- 7385 - 
(7381, 0, 1, 1, 0x0, 0x0, 0x0, 0x0, 0x0, 0x0, 0x0, 0x0, 57564), -- 7381 - 
(7384, 0, 1, 1, 0x0, 0x0, 0x0, 0x0, 0x0, 0x0, 0x0, 0x0, 57564), -- 7384 - 
(7382, 0, 1, 1, 0x0, 0x0, 0x0, 0x0, 0x0, 0x0, 0x0, 0x0, 57564), -- 7382 - 
(525, 0, 5, 85, 0x0, 0x0, 0x0, 0x0, 0x0, 0x0, 0x0, 0x0, 57564), -- 525 - 
(299, 0, 1, 19, 0x0, 0x0, 0x0, 0x0, 0x0, 0x0, 0x0, 0x0, 57564), -- 299 - 
(6368, 0, 1, 1, 0x0, 0x0, 0x0, 0x0, 0x0, 0x0, 0x0, 0x0, 57564), -- 6368 - 
(44548, 0, 3, 3, 0x20000100, 0x0, 0x0, 0x0, 0x0, 0x0, 0x0, 0x0, 57564), -- 44548 - Sessile, Floating
(94, 0, 5, 6, 0x0, 0x0, 0x0, 0x0, 0x0, 0x0, 0x0, 0x0, 57564), -- 94 - 
(5917, 0, 1, 1, 0x0, 0x0, 0x0, 0x0, 0x0, 0x0, 0x0, 0x0, 57564), -- 5917 - 
(30, 0, 5, 6, 0x0, 0x0, 0x0, 0x0, 0x0, 0x0, 0x0, 0x0, 57564), -- 30 - 
(1933, 0, 3, 3, 0x0, 0x0, 0x0, 0x0, 0x0, 0x0, 0x0, 0x0, 57564), -- 1933 - 
(2442, 0, 5, 5, 0x0, 0x0, 0x0, 0x0, 0x0, 0x0, 0x0, 0x0, 57564), -- 2442 - 
(1423, 0, 15, 15, 0x10000000, 0x0, 0x0, 0x0, 0x0, 0x0, 0x0, 0x0, 57564), -- 1423 - CanSwim
(890, 0, 1, 1, 0x0, 0x0, 0x0, 0x0, 0x0, 0x0, 0x0, 0x0, 57564), -- 890 - 
(883, 0, 5, 5, 0x0, 0x0, 0x0, 0x0, 0x0, 0x0, 0x0, 0x0, 57564), -- 883 - 
(721, 0, 1, 1, 0x0, 0x0, 0x0, 0x0, 0x0, 0x0, 0x0, 0x0, 57564), -- 721 - 
(68, 0, 85, 85, 0x10000000, 0x0, 0x0, 0x0, 0x0, 0x0, 0x0, 0x0, 57564); -- 68 - CanSwim


DELETE FROM `creature_model_info` WHERE `DisplayID` IN (32831, 33162, 33161, 3234, 15435, 5552, 1437, 1443, 1447, 5444, 5545, 1436, 1427, 1450, 1433, 1446, 33303, 37850, 16126, 1544, 3238, 1815, 1697, 12965, 31174, 134, 29961, 33527, 33523, 33521, 33522, 33496, 1471, 33529, 3305, 33495, 4998, 6007, 33528, 35774, 33494, 33467, 3313, 10569, 3308, 14375, 19598, 36214, 33839, 33838, 33497, 3315, 3314, 36215, 33740, 33738, 39319, 5378, 34396, 14493, 26450, 6844, 3354, 4997, 3307, 3306, 3311, 10477, 5570, 719, 3310, 3312, 3309, 5043, 40027, 2363, 38684, 38688, 38686, 34004, 18053, 34005, 38683, 38596, 38422, 5079, 38687, 38685, 1519, 1509, 39184, 32789, 21072, 32791, 1508, 1511, 1505, 1522, 1525, 1517, 1449, 79, 10625, 3448, 3449, 32790, 1520, 1510, 14492, 33974, 37087, 33977, 33948, 14472, 1438, 34070, 1541, 11873, 7991, 7992, 1423, 1445, 1439, 15594, 2176, 5551, 26064, 1429, 1448, 36597, 5567, 37310, 28282, 28111, 14703, 1444, 1431, 5082, 33519, 33518, 33520, 3133, 5074, 4888, 2974, 37372, 1688, 36213, 1440, 1434, 36839, 15259, 37311, 18054, 3246, 12925, 12921, 5546, 19177, 36814, 36816, 5547, 36815, 28507, 31953, 12669, 9811, 1141, 19178, 12919, 12920, 36758, 37720, 37719, 344, 1425, 15260, 12924, 12910, 15388, 19216, 12917, 21512, 1441, 1418, 17759, 17717, 33507, 33506, 17697, 17696, 17694, 17718, 17703, 5128, 14431, 21342, 12923, 24719, 22769, 17250, 25522, 4469, 25544, 25523, 25519, 25520, 856, 503, 1298, 1300, 35576, 35369, 30301, 1299, 1289, 1287, 3254, 3340, 1288, 3263, 1985, 11898, 9257, 2408, 304, 1294, 1295, 5038, 5527, 1296, 1297, 1291, 1292, 1924, 5092, 3271, 3236, 4866, 3266, 1293, 3272, 3273, 5365, 257, 221, 252, 338, 262, 3335, 6295, 901, 6297, 5526, 3257, 33143, 33145, 33142, 33144, 33146, 3167, 11354, 36691, 25204, 36690, 36692, 3351, 2072, 3253, 36653, 36654, 5087, 3343, 36652, 5001, 11686, 3344, 3346, 3345, 3251, 3317, 36655, 40147, 447, 33304, 1859, 3276, 3278, 33968, 2410, 32729, 33969, 8489, 3275, 4449, 32727, 3277, 33967, 5086, 5555, 5554, 5556, 5585, 903, 18156, 5586, 3019, 33164, 33163, 4558, 382, 328, 857, 1060, 3258, 654, 347, 4626, 5446);
INSERT INTO `creature_model_info` (`DisplayID`, `BoundingRadius`, `CombatReach`, `DisplayID_Other_Gender`, `VerifiedBuild`) VALUES
(32831, 0.305999994277954101, 1.5, 0, 57564),
(33162, 0.208000004291534423, 1.5, 0, 57564),
(33161, 0.305999994277954101, 1.5, 0, 57564),
(3234, 0.208000004291534423, 1.5, 0, 57564),
(15435, 0.389999985694885253, 1, 0, 57564),
(5552, 0.208000004291534423, 1.5, 0, 57564),
(1437, 0.305999994277954101, 1.5, 0, 57564),
(1443, 0.208000004291534423, 1.5, 0, 57564),
(1447, 0.208000004291534423, 1.5, 0, 57564),
(5444, 0.208000004291534423, 1.5, 0, 57564),
(5545, 0.208000004291534423, 1.5, 0, 57564),
(1436, 0.305999994277954101, 1.5, 0, 57564),
(1427, 0.305999994277954101, 1.5, 0, 57564),
(1450, 0.208000004291534423, 1.5, 0, 57564),
(1433, 0.305999994277954101, 1.5, 0, 57564),
(1446, 0.208000004291534423, 1.5, 0, 57564),
(33303, 0.5, 0, 0, 57564),
(37850, 0.351899981498718261, 1.724999904632568359, 0, 57564),
(16126, 1, 1.5, 0, 57564),
(1544, 0.208000004291534423, 1.5, 0, 57564),
(3238, 0.347000002861022949, 1.5, 0, 57564),
(1815, 0.208000004291534423, 1.5, 0, 57564),
(1697, 0.208000004291534423, 1.5, 0, 57564),
(12965, 0.351899981498718261, 1.724999904632568359, 0, 57564),
(31174, 0.270000010728836059, 0.899999976158142089, 0, 57564),
(134, 1.299999952316284179, 1.949999928474426269, 0, 57564),
(29961, 0.208000004291534423, 1.5, 0, 57564),
(33527, 0.305999994277954101, 1.5, 0, 57564),
(33523, 0.305999994277954101, 1.5, 0, 57564),
(33521, 0.208000004291534423, 1.5, 0, 57564),
(33522, 0.208000004291534423, 1.5, 0, 57564),
(33496, 0.305999994277954101, 1.5, 0, 57564),
(1471, 0.208000004291534423, 1.5, 0, 57564),
(33529, 0.305999994277954101, 1.5, 0, 57564),
(3305, 0.347000002861022949, 1.5, 0, 57564),
(33495, 0.305999994277954101, 1.5, 0, 57564),
(4998, 0.347000002861022949, 1.5, 0, 57564),
(6007, 0.347000002861022949, 1.5, 0, 57564),
(33528, 0.305999994277954101, 1.5, 0, 57564),
(35774, 0.208000004291534423, 1.5, 0, 57564),
(33494, 0.208000004291534423, 1.5, 0, 57564),
(33467, 0.305999994277954101, 1.5, 0, 57564),
(3313, 0.347000002861022949, 1.5, 0, 57564),
(10569, 0.351899981498718261, 1.724999904632568359, 0, 57564),
(3308, 0.347000002861022949, 1.5, 0, 57564),
(14375, 0.349999994039535522, 1.5, 0, 57564),
(19598, 1, 1.5, 0, 57564),
(36214, 1, 1, 0, 57564),
(33839, 0.347000002861022949, 1.5, 0, 57564),
(33838, 0.347000002861022949, 1.5, 0, 57564),
(33497, 0.305999994277954101, 1.5, 0, 57564),
(3315, 0.351899981498718261, 1.724999904632568359, 0, 57564),
(3314, 0.351899981498718261, 1.724999904632568359, 0, 57564),
(36215, 1, 1, 0, 57564),
(33740, 0.347000002861022949, 1.5, 0, 57564),
(33738, 0.347000002861022949, 1.5, 0, 57564),
(39319, 0.300000011920928955, 0, 0, 57564),
(5378, 0.351899981498718261, 1.724999904632568359, 0, 57564),
(34396, 0.351899981498718261, 1.724999904632568359, 0, 57564),
(14493, 0.336600005626678466, 1.65000009536743164, 0, 57564),
(26450, 0.351899981498718261, 1.724999904632568359, 0, 57564),
(6844, 0.321299970149993896, 1.574999928474426269, 0, 57564),
(3354, 0.305999994277954101, 1.5, 0, 57564),
(4997, 0.347000002861022949, 1.5, 0, 57564),
(3307, 0.347000002861022949, 1.5, 0, 57564),
(3306, 0.347000002861022949, 1.5, 0, 57564),
(3311, 0.347000002861022949, 1.5, 0, 57564),
(10477, 0.347000002861022949, 1.5, 0, 57564),
(5570, 0.347000002861022949, 1.5, 0, 57564),
(719, 0.52815258502960205, 1.296610236167907714, 0, 57564),
(3310, 0.347000002861022949, 1.5, 0, 57564),
(3312, 0.347000002861022949, 1.5, 0, 57564),
(3309, 0.347000002861022949, 1.5, 0, 57564),
(5043, 0.347000002861022949, 1.5, 0, 57564),
(40027, 0.305999994277954101, 1.5, 0, 57564),
(2363, 0.347000002861022949, 1.5, 0, 57564),
(38684, 0.305999994277954101, 1.5, 0, 57564),
(38688, 0.305999994277954101, 1.5, 0, 57564),
(38686, 0.208000004291534423, 1.5, 0, 57564),
(34004, 0.305999994277954101, 1.5, 0, 57564),
(18053, 0.305999994277954101, 1.5, 0, 57564),
(34005, 0.208000004291534423, 1.5, 0, 57564),
(38683, 0.305999994277954101, 1.5, 0, 57564),
(38596, 0.305999994277954101, 1.5, 0, 57564),
(38422, 0.208000004291534423, 1.5, 0, 57564),
(5079, 0.347000002861022949, 1.5, 0, 57564),
(38687, 0.208000004291534423, 1.5, 0, 57564),
(38685, 0.305999994277954101, 1.5, 0, 57564),
(1519, 0.347000002861022949, 1.5, 0, 57564),
(1509, 0.305999994277954101, 1.5, 0, 57564),
(39184, 0.305999994277954101, 1.5, 0, 57564),
(32789, 0.300000011920928955, 0.375, 0, 57564),
(21072, 0.625, 1.25, 0, 57564),
(32791, 0.300000011920928955, 0.375, 0, 57564),
(1508, 0.305999994277954101, 1.5, 0, 57564),
(1511, 0.305999994277954101, 1.5, 0, 57564),
(1505, 0.305999994277954101, 1.5, 0, 57564),
(1522, 0.208000004291534423, 1.5, 0, 57564),
(1525, 0.305999994277954101, 1.5, 0, 57564),
(1517, 0.305999994277954101, 1.5, 0, 57564),
(1449, 0.208000004291534423, 1.5, 0, 57564),
(79, 1, 1, 0, 57564),
(10625, 0.305999994277954101, 1.5, 0, 57564),
(3448, 0.208000004291534423, 1.5, 0, 57564),
(3449, 0.305999994277954101, 1.5, 0, 57564),
(32790, 0.300000011920928955, 0.375, 0, 57564),
(1520, 0.208000004291534423, 1.5, 0, 57564),
(1510, 0.305999994277954101, 1.5, 0, 57564),
(14492, 0.305999994277954101, 1.5, 0, 57564),
(33974, 0.208000004291534423, 1.5, 0, 57564),
(37087, 0.208000004291534423, 1.5, 0, 57564),
(33977, 0.305999994277954101, 1.5, 0, 57564),
(33948, 0.351899981498718261, 1.724999904632568359, 0, 57564),
(14472, 0.305999994277954101, 1.5, 0, 57564),
(1438, 0.305999994277954101, 1.5, 0, 57564),
(34070, 0.208000004291534423, 1.5, 0, 57564),
(1541, 0.305999994277954101, 1.5, 0, 57564),
(11873, 1, 1, 0, 57564),
(7991, 0.305999994277954101, 1.5, 0, 57564),
(7992, 0.305999994277954101, 1.5, 0, 57564),
(1423, 0.305999994277954101, 1.5, 0, 57564),
(1445, 0.208000004291534423, 1.5, 0, 57564),
(1439, 0.208000004291534423, 1.5, 0, 57564),
(15594, 0.208000004291534423, 1.5, 0, 57564),
(2176, 1, 1, 0, 57564),
(5551, 0.305999994277954101, 1.5, 0, 57564),
(26064, 0.75, 0.75, 0, 57564),
(1429, 0.305999994277954101, 1.5, 0, 57564),
(1448, 0.208000004291534423, 1.5, 0, 57564),
(36597, 0.305999994277954101, 1.5, 0, 57564),
(5567, 0.305999994277954101, 1.5, 0, 57564),
(37310, 0.305999994277954101, 1.5, 0, 57564),
(28282, 0.465000003576278686, 1.5, 0, 57564),
(28111, 1, 1.5, 0, 57564),
(14703, 1.25, 1.25, 0, 57564),
(1444, 0.208000004291534423, 1.5, 0, 57564),
(1431, 0.305999994277954101, 1.5, 0, 57564),
(5082, 0.305999994277954101, 1.5, 0, 57564),
(33519, 0.305999994277954101, 1.5, 0, 57564),
(33518, 0.208000004291534423, 1.5, 0, 57564),
(33520, 0.305999994277954101, 1.5, 0, 57564),
(3133, 0.208000004291534423, 1.5, 0, 57564),
(5074, 0.305999994277954101, 1.5, 0, 57564),
(4888, 0.208000004291534423, 1.5, 0, 57564),
(2974, 0.305999994277954101, 1.5, 0, 57564),
(37372, 0.305999994277954101, 1.5, 0, 57564),
(1688, 0.351899981498718261, 1.724999904632568359, 0, 57564),
(36213, 1.5, 2.25, 0, 57564),
(1440, 0.208000004291534423, 1.5, 0, 57564),
(1434, 0.305999994277954101, 1.5, 0, 57564),
(36839, 0.208000004291534423, 1.5, 0, 57564),
(15259, 0.347000002861022949, 1.5, 0, 57564),
(37311, 0.208000004291534423, 1.5, 0, 57564),
(18054, 0.305999994277954101, 1.5, 0, 57564),
(3246, 0.305999994277954101, 1.5, 0, 57564),
(12925, 0.347000002861022949, 1.5, 0, 57564),
(12921, 0.351899981498718261, 1.724999904632568359, 0, 57564),
(5546, 0.208000004291534423, 1.5, 0, 57564),
(19177, 0.208000004291534423, 1.5, 0, 57564),
(36814, 0.388999998569488525, 1.5, 0, 57564),
(36816, 0.351899981498718261, 1.724999904632568359, 0, 57564),
(5547, 0.305999994277954101, 1.5, 0, 57564),
(36815, 0.351899981498718261, 1.724999904632568359, 0, 57564),
(28507, 0.300000011920928955, 0.375, 0, 57564),
(31953, 0.208000004291534423, 1.5, 0, 57564),
(12669, 0.351899981498718261, 1.724999904632568359, 0, 57564),
(9811, 0.208000004291534423, 1.5, 0, 57564),
(1141, 1, 1, 0, 57564),
(19178, 0.305999994277954101, 1.5, 0, 57564),
(12919, 0.305999994277954101, 1.5, 0, 57564),
(12920, 0.305999994277954101, 1.5, 0, 57564),
(36758, 0.228800013661384582, 1.65000009536743164, 0, 57564),
(37720, 0.208000004291534423, 1.5, 0, 57564),
(37719, 0.305999994277954101, 1.5, 0, 57564),
(344, 1, 1, 0, 57564),
(1425, 0.305999994277954101, 1.5, 0, 57564),
(15260, 0.347000002861022949, 1.5, 0, 57564),
(12924, 0.305999994277954101, 1.5, 0, 57564),
(12910, 0.305999994277954101, 1.5, 0, 57564),
(15388, 0.347000002861022949, 1.5, 0, 57564),
(19216, 1.10000002384185791, 1.65000009536743164, 0, 57564),
(12917, 0.347000002861022949, 1.5, 0, 57564),
(21512, 1, 1.5, 0, 57564),
(1441, 0.208000004291534423, 1.5, 0, 57564),
(1418, 1, 1, 0, 57564),
(17759, 0.310000002384185791, 1, 0, 57564),
(17717, 0.310000002384185791, 1, 0, 57564),
(33507, 0.347000002861022949, 1.5, 0, 57564),
(33506, 0.347000002861022949, 1.5, 0, 57564),
(17697, 0.310000002384185791, 1, 0, 57564),
(17696, 0.310000002384185791, 1, 0, 57564),
(17694, 0.310000002384185791, 1, 0, 57564),
(17718, 0.310000002384185791, 1, 0, 57564),
(17703, 0.310000002384185791, 1, 0, 57564),
(5128, 0.305999994277954101, 1.5, 0, 57564),
(14431, 0.336600005626678466, 1.65000009536743164, 0, 57564),
(21342, 0.5, 1, 0, 57564),
(12923, 0.208000004291534423, 1.5, 0, 57564),
(24719, 0.075000002980232238, 0.150000005960464477, 0, 57564),
(22769, 0.174999997019767761, 0.349999994039535522, 0, 57564),
(17250, 0.305999994277954101, 1.5, 0, 57564),
(25522, 0.305999994277954101, 1.5, 0, 57564),
(4469, 0.305999994277954101, 1.5, 0, 57564),
(25544, 0.208000004291534423, 1.5, 0, 57564),
(25523, 0.347000002861022949, 1.5, 0, 57564),
(25519, 0.305999994277954101, 1.5, 0, 57564),
(25520, 0.347000002861022949, 1.5, 0, 57564),
(856, 1, 1, 0, 57564),
(503, 0.737491548061370849, 0.627118647098541259, 0, 57564),
(1298, 0.305999994277954101, 1.5, 0, 57564),
(1300, 0.208000004291534423, 1.5, 0, 57564),
(35576, 0.305999994277954101, 1.5, 0, 57564),
(35369, 0.305999994277954101, 1.5, 0, 57564),
(30301, 0.203338980674743652, 0, 0, 57564),
(1299, 0.305999994277954101, 1.5, 0, 57564),
(1289, 0.305999994277954101, 1.5, 0, 57564),
(1287, 0.208000004291534423, 1.5, 0, 57564),
(3254, 0.305999994277954101, 1.5, 0, 57564),
(3340, 0.305999994277954101, 1.5, 0, 57564),
(1288, 0.305999994277954101, 1.5, 0, 57564),
(3263, 0.305999994277954101, 1.5, 0, 57564),
(1985, 0.305999994277954101, 1.5, 0, 57564),
(11898, 0.208000004291534423, 1.5, 0, 57564),
(9257, 0.208000004291534423, 1.5, 0, 57564),
(2408, 1.45000004768371582, 1.5, 0, 57564),
(304, 0.144999995827674865, 1, 0, 57564),
(1294, 0.305999994277954101, 1.5, 0, 57564),
(1295, 0.208000004291534423, 1.5, 0, 57564),
(5038, 0.305999994277954101, 1.5, 0, 57564),
(5527, 0.208000004291534423, 1.5, 0, 57564),
(1296, 0.208000004291534423, 1.5, 0, 57564),
(1297, 0.208000004291534423, 1.5, 0, 57564),
(1291, 0.305999994277954101, 1.5, 0, 57564),
(1292, 0.305999994277954101, 1.5, 0, 57564),
(1924, 0.200000002980232238, 1, 0, 57564),
(5092, 0.208000004291534423, 1.5, 0, 57564),
(3271, 0.305999994277954101, 1.5, 0, 57564),
(3236, 0.305999994277954101, 1.5, 0, 57564),
(4866, 0.305999994277954101, 1.5, 0, 57564),
(3266, 0.305999994277954101, 1.5, 0, 57564),
(1293, 0.305999994277954101, 1.5, 0, 57564),
(3272, 0.305999994277954101, 1.5, 0, 57564),
(3273, 0.305999994277954101, 1.5, 0, 57564),
(5365, 0.208000004291534423, 1.5, 0, 57564),
(257, 1, 1, 0, 57564),
(221, 1, 1, 0, 57564),
(252, 1, 1, 0, 57564),
(338, 1, 1, 0, 57564),
(262, 1, 1, 0, 57564),
(3335, 0.208000004291534423, 1.5, 0, 57564);

INSERT INTO `creature_model_info` (`DisplayID`, `BoundingRadius`, `CombatReach`, `DisplayID_Other_Gender`, `VerifiedBuild`) VALUES
(6295, 0.200000002980232238, 1, 0, 57564),
(901, 0.200000002980232238, 1, 0, 57564),
(6297, 0.200000002980232238, 1, 0, 57564),
(5526, 0.305999994277954101, 1.5, 0, 57564),
(3257, 0.208000004291534423, 1.5, 0, 57564),
(33143, 0.446400016546249389, 1.80000007152557373, 0, 57564),
(33145, 0.236000001430511474, 1.5, 0, 57564),
(33142, 0.372000008821487426, 1.5, 0, 57564),
(33144, 0.372000008821487426, 1.5, 0, 57564),
(33146, 0.236000001430511474, 1.5, 0, 57564),
(3167, 0.305999994277954101, 1.5, 0, 57564),
(11354, 0.305999994277954101, 1.5, 0, 57564),
(36691, 0.305999994277954101, 1.5, 0, 57564),
(25204, 0.5, 1, 0, 57564),
(36690, 0.305999994277954101, 1.5, 0, 57564),
(36692, 0.305999994277954101, 1.5, 0, 57564),
(3351, 0.305999994277954101, 1.5, 0, 57564),
(2072, 0.305999994277954101, 1.5, 0, 57564),
(3253, 0.305999994277954101, 1.5, 0, 57564),
(36653, 0.372000008821487426, 1.5, 0, 57564),
(36654, 0.236000001430511474, 1.5, 0, 57564),
(5087, 0.305999994277954101, 1.5, 0, 57564),
(3343, 0.305999994277954101, 1.5, 0, 57564),
(36652, 0.372000008821487426, 1.5, 0, 57564),
(5001, 0.305999994277954101, 1.5, 0, 57564),
(11686, 0.5, 1, 0, 57564),
(3344, 0.208000004291534423, 1.5, 0, 57564),
(3346, 0.305999994277954101, 1.5, 0, 57564),
(3345, 0.208000004291534423, 1.5, 0, 57564),
(3251, 0.305999994277954101, 1.5, 0, 57564),
(3317, 0.305999994277954101, 1.5, 0, 57564),
(36655, 0.236000001430511474, 1.5, 0, 57564),
(40147, 0.699999988079071044, 0, 0, 57564),
(447, 1.049999952316284179, 0.875, 0, 57564),
(33304, 0.208000004291534423, 1.5, 0, 57564),
(1859, 0.305999994277954101, 1.5, 0, 57564),
(3276, 0.305999994277954101, 1.5, 0, 57564),
(3278, 0.305999994277954101, 1.5, 0, 57564),
(33968, 0.305999994277954101, 1.5, 0, 57564),
(2410, 1.45000004768371582, 1.5, 0, 57564),
(32729, 0.305999994277954101, 1.5, 0, 57564),
(33969, 0.305999994277954101, 1.5, 0, 57564),
(8489, 0.208000004291534423, 1.5, 0, 57564),
(3275, 0.305999994277954101, 1.5, 0, 57564),
(4449, 0.5, 0.75, 0, 57564),
(32727, 0.305999994277954101, 1.5, 0, 57564),
(3277, 0.305999994277954101, 1.5, 0, 57564),
(33967, 0.305999994277954101, 1.5, 0, 57564),
(5086, 0.208000004291534423, 1.5, 0, 57564),
(5555, 0.25, 0.5, 0, 57564),
(5554, 0.25, 0.5, 0, 57564),
(5556, 0.25, 0.5, 0, 57564),
(5585, 0.25, 0.5, 0, 57564),
(903, 1.08050847053527832, 0.900423765182495117, 0, 57564),
(18156, 1.049999952316284179, 0.875, 0, 57564),
(5586, 0.25, 0.5, 0, 57564),
(3019, 0.300000011920928955, 1, 0, 57564),
(33164, 0.208000004291534423, 1.5, 0, 57564),
(33163, 0.305999994277954101, 1.5, 0, 57564),
(4558, 0.208000004291534423, 1.5, 0, 57564),
(382, 0.272949159145355224, 0.516949176788330078, 0, 57564),
(328, 0.234999999403953552, 1, 0, 57564),
(857, 1, 1, 0, 57564),
(1060, 0.893000006675720214, 1.5, 0, 57564),
(3258, 0.305999994277954101, 1.5, 0, 57564),
(654, 0.60000002384185791, 0.75, 0, 57564),
(347, 1, 1.25, 0, 57564),
(4626, 0.234999999403953552, 1, 0, 57564),
(5446, 0.208000004291534423, 1.5, 0, 57564);

DELETE FROM `npc_vendor` WHERE (`entry`=49877 AND `item`=64901 AND `ExtendedCost`=0 AND `type`=1) OR (`entry`=49877 AND `item`=64902 AND `ExtendedCost`=0 AND `type`=1) OR (`entry`=49877 AND `item`=64903 AND `ExtendedCost`=0 AND `type`=1) OR (`entry`=49877 AND `item`=67531 AND `ExtendedCost`=0 AND `type`=1) OR (`entry`=49877 AND `item`=45574 AND `ExtendedCost`=0 AND `type`=1) OR (`entry`=3518 AND `item`=58261 AND `ExtendedCost`=0 AND `type`=1) OR (`entry`=3518 AND `item`=58260 AND `ExtendedCost`=0 AND `type`=1) OR (`entry`=3518 AND `item`=35950 AND `ExtendedCost`=0 AND `type`=1) OR (`entry`=3518 AND `item`=33449 AND `ExtendedCost`=0 AND `type`=1) OR (`entry`=3518 AND `item`=27855 AND `ExtendedCost`=0 AND `type`=1) OR (`entry`=3518 AND `item`=8950 AND `ExtendedCost`=0 AND `type`=1) OR (`entry`=3518 AND `item`=4601 AND `ExtendedCost`=0 AND `type`=1) OR (`entry`=3518 AND `item`=4544 AND `ExtendedCost`=0 AND `type`=1) OR (`entry`=3518 AND `item`=4542 AND `ExtendedCost`=0 AND `type`=1) OR (`entry`=3518 AND `item`=4541 AND `ExtendedCost`=0 AND `type`=1) OR (`entry`=3518 AND `item`=4540 AND `ExtendedCost`=0 AND `type`=1) OR (`entry`=5514 AND `item`=20815 AND `ExtendedCost`=0 AND `type`=1) OR (`entry`=5514 AND `item`=20824 AND `ExtendedCost`=0 AND `type`=1) OR (`entry`=5514 AND `item`=3857 AND `ExtendedCost`=0 AND `type`=1) OR (`entry`=5514 AND `item`=3466 AND `ExtendedCost`=0 AND `type`=1) OR (`entry`=5514 AND `item`=2880 AND `ExtendedCost`=0 AND `type`=1) OR (`entry`=5514 AND `item`=30746 AND `ExtendedCost`=0 AND `type`=1) OR (`entry`=5514 AND `item`=2901 AND `ExtendedCost`=0 AND `type`=1) OR (`entry`=5519 AND `item`=4364 AND `ExtendedCost`=0 AND `type`=1) OR (`entry`=5519 AND `item`=4371 AND `ExtendedCost`=0 AND `type`=1) OR (`entry`=5519 AND `item`=4361 AND `ExtendedCost`=0 AND `type`=1) OR (`entry`=5519 AND `item`=4382 AND `ExtendedCost`=0 AND `type`=1) OR (`entry`=5519 AND `item`=10647 AND `ExtendedCost`=0 AND `type`=1) OR (`entry`=5519 AND `item`=10648 AND `ExtendedCost`=0 AND `type`=1) OR (`entry`=5519 AND `item`=3466 AND `ExtendedCost`=0 AND `type`=1) OR (`entry`=5519 AND `item`=2880 AND `ExtendedCost`=0 AND `type`=1) OR (`entry`=5519 AND `item`=39684 AND `ExtendedCost`=0 AND `type`=1) OR (`entry`=5519 AND `item`=40533 AND `ExtendedCost`=0 AND `type`=1) OR (`entry`=5519 AND `item`=4400 AND `ExtendedCost`=0 AND `type`=1) OR (`entry`=5519 AND `item`=4399 AND `ExtendedCost`=0 AND `type`=1) OR (`entry`=5519 AND `item`=2901 AND `ExtendedCost`=0 AND `type`=1) OR (`entry`=5519 AND `item`=5956 AND `ExtendedCost`=0 AND `type`=1) OR (`entry`=5519 AND `item`=68660 AND `ExtendedCost`=989 AND `type`=1) OR (`entry`=5519 AND `item`=59489 AND `ExtendedCost`=3310 AND `type`=1) OR (`entry`=5519 AND `item`=59477 AND `ExtendedCost`=3392 AND `type`=1) OR (`entry`=5519 AND `item`=59478 AND `ExtendedCost`=3311 AND `type`=1) OR (`entry`=5519 AND `item`=59479 AND `ExtendedCost`=3311 AND `type`=1) OR (`entry`=5519 AND `item`=59480 AND `ExtendedCost`=3308 AND `type`=1) OR (`entry`=5519 AND `item`=59491 AND `ExtendedCost`=3305 AND `type`=1) OR (`entry`=5519 AND `item`=59493 AND `ExtendedCost`=3307 AND `type`=1) OR (`entry`=5519 AND `item`=59496 AND `ExtendedCost`=3306 AND `type`=1) OR (`entry`=5512 AND `item`=66101 AND `ExtendedCost`=3314 AND `type`=1) OR (`entry`=5512 AND `item`=66130 AND `ExtendedCost`=3314 AND `type`=1) OR (`entry`=5512 AND `item`=66131 AND `ExtendedCost`=3314 AND `type`=1) OR (`entry`=5512 AND `item`=66132 AND `ExtendedCost`=3314 AND `type`=1) OR (`entry`=5512 AND `item`=66100 AND `ExtendedCost`=3314 AND `type`=1) OR (`entry`=5512 AND `item`=66122 AND `ExtendedCost`=3314 AND `type`=1) OR (`entry`=5512 AND `item`=66123 AND `ExtendedCost`=3314 AND `type`=1) OR (`entry`=5512 AND `item`=66124 AND `ExtendedCost`=3314 AND `type`=1) OR (`entry`=5512 AND `item`=66129 AND `ExtendedCost`=3313 AND `type`=1) OR (`entry`=5512 AND `item`=66116 AND `ExtendedCost`=3313 AND `type`=1) OR (`entry`=5512 AND `item`=66110 AND `ExtendedCost`=3313 AND `type`=1) OR (`entry`=5512 AND `item`=66114 AND `ExtendedCost`=3313 AND `type`=1) OR (`entry`=5512 AND `item`=66112 AND `ExtendedCost`=3313 AND `type`=1) OR (`entry`=5512 AND `item`=66115 AND `ExtendedCost`=3313 AND `type`=1) OR (`entry`=5512 AND `item`=66121 AND `ExtendedCost`=3313 AND `type`=1) OR (`entry`=5512 AND `item`=66128 AND `ExtendedCost`=3313 AND `type`=1) OR (`entry`=5512 AND `item`=66108 AND `ExtendedCost`=3313 AND `type`=1) OR (`entry`=5512 AND `item`=66104 AND `ExtendedCost`=3313 AND `type`=1) OR (`entry`=5512 AND `item`=66111 AND `ExtendedCost`=3313 AND `type`=1) OR (`entry`=5512 AND `item`=66106 AND `ExtendedCost`=3313 AND `type`=1) OR (`entry`=5512 AND `item`=66113 AND `ExtendedCost`=3313 AND `type`=1) OR (`entry`=5512 AND `item`=67606 AND `ExtendedCost`=3314 AND `type`=1) OR (`entry`=5512 AND `item`=67603 AND `ExtendedCost`=3313 AND `type`=1) OR (`entry`=5512 AND `item`=66120 AND `ExtendedCost`=3313 AND `type`=1) OR (`entry`=5512 AND `item`=66127 AND `ExtendedCost`=3312 AND `type`=1) OR (`entry`=5512 AND `item`=66109 AND `ExtendedCost`=3312 AND `type`=1) OR (`entry`=5512 AND `item`=66105 AND `ExtendedCost`=3312 AND `type`=1) OR (`entry`=5512 AND `item`=66107 AND `ExtendedCost`=3312 AND `type`=1) OR (`entry`=5512 AND `item`=66119 AND `ExtendedCost`=3312 AND `type`=1) OR (`entry`=5512 AND `item`=66103 AND `ExtendedCost`=3312 AND `type`=1) OR (`entry`=5512 AND `item`=66126 AND `ExtendedCost`=3312 AND `type`=1) OR (`entry`=5512 AND `item`=66125 AND `ExtendedCost`=3312 AND `type`=1) OR (`entry`=5512 AND `item`=66118 AND `ExtendedCost`=3312 AND `type`=1) OR (`entry`=5512 AND `item`=66117 AND `ExtendedCost`=3312 AND `type`=1) OR (`entry`=5512 AND `item`=3857 AND `ExtendedCost`=0 AND `type`=1) OR (`entry`=5512 AND `item`=18567 AND `ExtendedCost`=0 AND `type`=1) OR (`entry`=5512 AND `item`=3466 AND `ExtendedCost`=0 AND `type`=1) OR (`entry`=5512 AND `item`=2880 AND `ExtendedCost`=0 AND `type`=1) OR (`entry`=5512 AND `item`=5956 AND `ExtendedCost`=0 AND `type`=1) OR (`entry`=5512 AND `item`=2901 AND `ExtendedCost`=0 AND `type`=1) OR (`entry`=43768 AND `item`=25527 AND `ExtendedCost`=0 AND `type`=1) OR (`entry`=43768 AND `item`=25529 AND `ExtendedCost`=0 AND `type`=1) OR (`entry`=43768 AND `item`=25528 AND `ExtendedCost`=0 AND `type`=1) OR (`entry`=43768 AND `item`=25473 AND `ExtendedCost`=0 AND `type`=1) OR (`entry`=43768 AND `item`=25472 AND `ExtendedCost`=0 AND `type`=1) OR (`entry`=43768 AND `item`=25470 AND `ExtendedCost`=0 AND `type`=1) OR (`entry`=43768 AND `item`=25471 AND `ExtendedCost`=0 AND `type`=1) OR (`entry`=3935 AND `item`=8952 AND `ExtendedCost`=0 AND `type`=1) OR (`entry`=3935 AND `item`=4599 AND `ExtendedCost`=0 AND `type`=1) OR (`entry`=3935 AND `item`=3771 AND `ExtendedCost`=0 AND `type`=1) OR (`entry`=3935 AND `item`=3770 AND `ExtendedCost`=0 AND `type`=1) OR (`entry`=3935 AND `item`=2287 AND `ExtendedCost`=0 AND `type`=1) OR (`entry`=3935 AND `item`=117 AND `ExtendedCost`=0 AND `type`=1) OR (`entry`=465 AND `item`=8932 AND `ExtendedCost`=0 AND `type`=1) OR (`entry`=465 AND `item`=3927 AND `ExtendedCost`=0 AND `type`=1) OR (`entry`=465 AND `item`=1707 AND `ExtendedCost`=0 AND `type`=1) OR (`entry`=465 AND `item`=422 AND `ExtendedCost`=0 AND `type`=1) OR (`entry`=465 AND `item`=414 AND `ExtendedCost`=0 AND `type`=1) OR (`entry`=465 AND `item`=2070 AND `ExtendedCost`=0 AND `type`=1) OR (`entry`=465 AND `item`=2595 AND `ExtendedCost`=0 AND `type`=1) OR (`entry`=465 AND `item`=2594 AND `ExtendedCost`=0 AND `type`=1) OR (`entry`=465 AND `item`=2596 AND `ExtendedCost`=0 AND `type`=1) OR (`entry`=465 AND `item`=2593 AND `ExtendedCost`=0 AND `type`=1) OR (`entry`=465 AND `item`=2723 AND `ExtendedCost`=0 AND `type`=1) OR (`entry`=465 AND `item`=8766 AND `ExtendedCost`=0 AND `type`=1) OR (`entry`=465 AND `item`=1645 AND `ExtendedCost`=0 AND `type`=1) OR (`entry`=465 AND `item`=1708 AND `ExtendedCost`=0 AND `type`=1) OR (`entry`=465 AND `item`=1205 AND `ExtendedCost`=0 AND `type`=1) OR (`entry`=465 AND `item`=1179 AND `ExtendedCost`=0 AND `type`=1) OR (`entry`=465 AND `item`=159 AND `ExtendedCost`=0 AND `type`=1) OR (`entry`=465 AND `item`=1939 AND `ExtendedCost`=0 AND `type`=1) OR (`entry`=151 AND `item`=5042 AND `ExtendedCost`=0 AND `type`=1) OR (`entry`=151 AND `item`=4470 AND `ExtendedCost`=0 AND `type`=1) OR (`entry`=151 AND `item`=4498 AND `ExtendedCost`=0 AND `type`=1) OR (`entry`=151 AND `item`=4496 AND `ExtendedCost`=0 AND `type`=1) OR (`entry`=151 AND `item`=4540 AND `ExtendedCost`=0 AND `type`=1) OR (`entry`=151 AND `item`=159 AND `ExtendedCost`=0 AND `type`=1) OR (`entry`=295 AND `item`=8766 AND `ExtendedCost`=0 AND `type`=1) OR (`entry`=295 AND `item`=1645 AND `ExtendedCost`=0 AND `type`=1) OR (`entry`=295 AND `item`=1708 AND `ExtendedCost`=0 AND `type`=1) OR (`entry`=295 AND `item`=1205 AND `ExtendedCost`=0 AND `type`=1) OR (`entry`=295 AND `item`=1179 AND `ExtendedCost`=0 AND `type`=1) OR (`entry`=295 AND `item`=159 AND `ExtendedCost`=0 AND `type`=1) OR (`entry`=295 AND `item`=8932 AND `ExtendedCost`=0 AND `type`=1) OR (`entry`=295 AND `item`=3927 AND `ExtendedCost`=0 AND `type`=1) OR (`entry`=295 AND `item`=1707 AND `ExtendedCost`=0 AND `type`=1) OR (`entry`=295 AND `item`=422 AND `ExtendedCost`=0 AND `type`=1) OR (`entry`=295 AND `item`=414 AND `ExtendedCost`=0 AND `type`=1) OR (`entry`=295 AND `item`=2070 AND `ExtendedCost`=0 AND `type`=1) OR (`entry`=2046 AND `item`=1201 AND `ExtendedCost`=0 AND `type`=1) OR (`entry`=2046 AND `item`=17186 AND `ExtendedCost`=0 AND `type`=1) OR (`entry`=2046 AND `item`=2397 AND `ExtendedCost`=0 AND `type`=1) OR (`entry`=2046 AND `item`=2396 AND `ExtendedCost`=0 AND `type`=1) OR (`entry`=2046 AND `item`=2395 AND `ExtendedCost`=0 AND `type`=1) OR (`entry`=2046 AND `item`=2394 AND `ExtendedCost`=0 AND `type`=1) OR (`entry`=2046 AND `item`=2393 AND `ExtendedCost`=0 AND `type`=1) OR (`entry`=2046 AND `item`=2392 AND `ExtendedCost`=0 AND `type`=1) OR (`entry`=54 AND `item`=29007 AND `ExtendedCost`=0 AND `type`=1) OR (`entry`=54 AND `item`=25872 AND `ExtendedCost`=0 AND `type`=1) OR (`entry`=54 AND `item`=2495 AND `ExtendedCost`=0 AND `type`=1) OR (`entry`=54 AND `item`=2494 AND `ExtendedCost`=0 AND `type`=1) OR (`entry`=54 AND `item`=2493 AND `ExtendedCost`=0 AND `type`=1) OR (`entry`=54 AND `item`=2492 AND `ExtendedCost`=0 AND `type`=1) OR (`entry`=54 AND `item`=2491 AND `ExtendedCost`=0 AND `type`=1) OR (`entry`=54 AND `item`=2490 AND `ExtendedCost`=0 AND `type`=1) OR (`entry`=54 AND `item`=2489 AND `ExtendedCost`=0 AND `type`=1) OR (`entry`=54 AND `item`=2488 AND `ExtendedCost`=0 AND `type`=1) OR (`entry`=74 AND `item`=797 AND `ExtendedCost`=0 AND `type`=1) OR (`entry`=74 AND `item`=1840 AND `ExtendedCost`=0 AND `type`=1) OR (`entry`=74 AND `item`=796 AND `ExtendedCost`=0 AND `type`=1) OR (`entry`=74 AND `item`=798 AND `ExtendedCost`=0 AND `type`=1) OR (`entry`=74 AND `item`=1839 AND `ExtendedCost`=0 AND `type`=1) OR (`entry`=74 AND `item`=799 AND `ExtendedCost`=0 AND `type`=1) OR (`entry`=74 AND `item`=793 AND `ExtendedCost`=0 AND `type`=1) OR (`entry`=74 AND `item`=3603 AND `ExtendedCost`=0 AND `type`=1) OR (`entry`=74 AND `item`=792 AND `ExtendedCost`=0 AND `type`=1) OR (`entry`=74 AND `item`=794 AND `ExtendedCost`=0 AND `type`=1) OR (`entry`=74 AND `item`=3602 AND `ExtendedCost`=0 AND `type`=1) OR (`entry`=74 AND `item`=795 AND `ExtendedCost`=0 AND `type`=1) OR (`entry`=6367 AND `item`=8488 AND `ExtendedCost`=0 AND `type`=1) OR (`entry`=6367 AND `item`=8487 AND `ExtendedCost`=0 AND `type`=1) OR (`entry`=6367 AND `item`=8486 AND `ExtendedCost`=0 AND `type`=1) OR (`entry`=6367 AND `item`=8485 AND `ExtendedCost`=0 AND `type`=1) OR (`entry`=1213 AND `item`=2129 AND `ExtendedCost`=0 AND `type`=1) OR (`entry`=1213 AND `item`=17184 AND `ExtendedCost`=0 AND `type`=1) OR (`entry`=1213 AND `item`=2385 AND `ExtendedCost`=0 AND `type`=1) OR (`entry`=1213 AND `item`=2384 AND `ExtendedCost`=0 AND `type`=1) OR (`entry`=1213 AND `item`=2383 AND `ExtendedCost`=0 AND `type`=1) OR (`entry`=1213 AND `item`=2380 AND `ExtendedCost`=0 AND `type`=1) OR (`entry`=1213 AND `item`=2381 AND `ExtendedCost`=0 AND `type`=1) OR (`entry`=1213 AND `item`=2379 AND `ExtendedCost`=0 AND `type`=1) OR (`entry`=190 AND `item`=2125 AND `ExtendedCost`=0 AND `type`=1) OR (`entry`=190 AND `item`=2124 AND `ExtendedCost`=0 AND `type`=1) OR (`entry`=190 AND `item`=2123 AND `ExtendedCost`=0 AND `type`=1) OR (`entry`=190 AND `item`=2126 AND `ExtendedCost`=0 AND `type`=1) OR (`entry`=190 AND `item`=2122 AND `ExtendedCost`=0 AND `type`=1) OR (`entry`=190 AND `item`=2127 AND `ExtendedCost`=0 AND `type`=1) OR (`entry`=190 AND `item`=2119 AND `ExtendedCost`=0 AND `type`=1) OR (`entry`=190 AND `item`=3600 AND `ExtendedCost`=0 AND `type`=1) OR (`entry`=190 AND `item`=2117 AND `ExtendedCost`=0 AND `type`=1) OR (`entry`=190 AND `item`=2120 AND `ExtendedCost`=0 AND `type`=1) OR (`entry`=190 AND `item`=3599 AND `ExtendedCost`=0 AND `type`=1) OR (`entry`=190 AND `item`=2121 AND `ExtendedCost`=0 AND `type`=1) OR (`entry`=152 AND `item`=4496 AND `ExtendedCost`=0 AND `type`=1) OR (`entry`=152 AND `item`=159 AND `ExtendedCost`=0 AND `type`=1) OR (`entry`=152 AND `item`=4540 AND `ExtendedCost`=0 AND `type`=1) OR (`entry`=78 AND `item`=25861 AND `ExtendedCost`=0 AND `type`=1) OR (`entry`=78 AND `item`=28979 AND `ExtendedCost`=0 AND `type`=1) OR (`entry`=78 AND `item`=2132 AND `ExtendedCost`=0 AND `type`=1) OR (`entry`=78 AND `item`=2139 AND `ExtendedCost`=0 AND `type`=1) OR (`entry`=78 AND `item`=2480 AND `ExtendedCost`=0 AND `type`=1) OR (`entry`=78 AND `item`=2130 AND `ExtendedCost`=0 AND `type`=1) OR (`entry`=78 AND `item`=2479 AND `ExtendedCost`=0 AND `type`=1) OR (`entry`=78 AND `item`=2134 AND `ExtendedCost`=0 AND `type`=1) OR (`entry`=78 AND `item`=1194 AND `ExtendedCost`=0 AND `type`=1) OR (`entry`=78 AND `item`=2131 AND `ExtendedCost`=0 AND `type`=1);
INSERT INTO `npc_vendor` (`entry`, `slot`, `item`, `maxcount`, `ExtendedCost`, `type`, `PlayerConditionID`, `IgnoreFiltering`, `VerifiedBuild`) VALUES
(49877, 5, 64901, 0, 0, 1, 12252, 0, 57564), -- 64901
(49877, 4, 64902, 0, 0, 1, 12252, 0, 57564), -- 64902
(49877, 3, 64903, 0, 0, 1, 12252, 0, 57564), -- 64903
(49877, 2, 67531, 0, 0, 1, 12251, 0, 57564), -- 67531
(49877, 1, 45574, 0, 0, 1, 0, 0, 57564), -- 45574
(3518, 11, 58261, 0, 0, 1, 0, 0, 57564), -- 58261
(3518, 10, 58260, 0, 0, 1, 0, 0, 57564), -- 58260
(3518, 9, 35950, 0, 0, 1, 0, 0, 57564), -- 35950
(3518, 8, 33449, 0, 0, 1, 0, 0, 57564), -- 33449
(3518, 7, 27855, 0, 0, 1, 0, 0, 57564), -- 27855
(3518, 6, 8950, 0, 0, 1, 0, 0, 57564), -- 8950
(3518, 5, 4601, 0, 0, 1, 0, 0, 57564), -- 4601
(3518, 4, 4544, 0, 0, 1, 0, 0, 57564), -- 4544
(3518, 3, 4542, 0, 0, 1, 0, 0, 57564), -- 4542
(3518, 2, 4541, 0, 0, 1, 0, 0, 57564), -- 4541
(3518, 1, 4540, 0, 0, 1, 0, 0, 57564), -- 4540
(5514, 7, 20815, 0, 0, 1, 0, 0, 57564), -- 20815
(5514, 6, 20824, 0, 0, 1, 0, 0, 57564), -- 20824
(5514, 5, 3857, 0, 0, 1, 0, 0, 57564), -- 3857
(5514, 4, 3466, 0, 0, 1, 0, 0, 57564), -- 3466
(5514, 3, 2880, 0, 0, 1, 0, 0, 57564), -- 2880
(5514, 2, 30746, 0, 0, 1, 0, 0, 57564), -- 30746
(5514, 1, 2901, 0, 0, 1, 0, 0, 57564), -- 2901
(5519, 1208, 4364, 2, 0, 1, 0, 0, 57564), -- 4364
(5519, 1206, 4371, 2, 0, 1, 0, 0, 57564), -- 4371
(5519, 1205, 4361, 2, 0, 1, 0, 0, 57564), -- 4361
(5519, 1204, 4382, 1, 0, 1, 0, 0, 57564), -- 4382
(5519, 1202, 10647, 0, 0, 1, 0, 0, 57564), -- 10647
(5519, 1201, 10648, 0, 0, 1, 0, 0, 57564), -- 10648
(5519, 1200, 3466, 0, 0, 1, 0, 0, 57564), -- 3466
(5519, 1199, 2880, 0, 0, 1, 0, 0, 57564), -- 2880
(5519, 1198, 39684, 0, 0, 1, 0, 0, 57564), -- 39684
(5519, 1197, 40533, 0, 0, 1, 0, 0, 57564), -- 40533
(5519, 1196, 4400, 0, 0, 1, 0, 0, 57564), -- 4400
(5519, 1195, 4399, 0, 0, 1, 0, 0, 57564), -- 4399
(5519, 1194, 2901, 0, 0, 1, 0, 0, 57564), -- 2901
(5519, 1193, 5956, 0, 0, 1, 0, 0, 57564), -- 5956
(5519, 9, 68660, 0, 989, 1, 0, 0, 57564), -- 68660
(5519, 8, 59489, 0, 3310, 1, 0, 0, 57564), -- 59489
(5519, 7, 59477, 0, 3392, 1, 0, 0, 57564), -- 59477
(5519, 6, 59478, 0, 3311, 1, 0, 0, 57564), -- 59478
(5519, 5, 59479, 0, 3311, 1, 0, 0, 57564), -- 59479
(5519, 4, 59480, 0, 3308, 1, 0, 0, 57564), -- 59480
(5519, 3, 59491, 0, 3305, 1, 0, 0, 57564), -- 59491
(5519, 2, 59493, 0, 3307, 1, 0, 0, 57564), -- 59493
(5519, 1, 59496, 0, 3306, 1, 0, 0, 57564), -- 59496
(5512, 40, 66101, 0, 3314, 1, 0, 0, 57564), -- 66101
(5512, 39, 66130, 0, 3314, 1, 0, 0, 57564), -- 66130
(5512, 38, 66131, 0, 3314, 1, 0, 0, 57564), -- 66131
(5512, 37, 66132, 0, 3314, 1, 0, 0, 57564), -- 66132
(5512, 36, 66100, 0, 3314, 1, 0, 0, 57564), -- 66100
(5512, 35, 66122, 0, 3314, 1, 0, 0, 57564), -- 66122
(5512, 34, 66123, 0, 3314, 1, 0, 0, 57564), -- 66123
(5512, 33, 66124, 0, 3314, 1, 0, 0, 57564), -- 66124
(5512, 32, 66129, 0, 3313, 1, 0, 0, 57564), -- 66129
(5512, 31, 66116, 0, 3313, 1, 0, 0, 57564), -- 66116
(5512, 30, 66110, 0, 3313, 1, 0, 0, 57564), -- 66110
(5512, 29, 66114, 0, 3313, 1, 0, 0, 57564), -- 66114
(5512, 28, 66112, 0, 3313, 1, 0, 0, 57564), -- 66112
(5512, 27, 66115, 0, 3313, 1, 0, 0, 57564), -- 66115
(5512, 26, 66121, 0, 3313, 1, 0, 0, 57564), -- 66121
(5512, 25, 66128, 0, 3313, 1, 0, 0, 57564), -- 66128
(5512, 24, 66108, 0, 3313, 1, 0, 0, 57564), -- 66108
(5512, 23, 66104, 0, 3313, 1, 0, 0, 57564), -- 66104
(5512, 22, 66111, 0, 3313, 1, 0, 0, 57564), -- 66111
(5512, 21, 66106, 0, 3313, 1, 0, 0, 57564), -- 66106
(5512, 20, 66113, 0, 3313, 1, 0, 0, 57564), -- 66113
(5512, 19, 67606, 0, 3314, 1, 0, 0, 57564), -- 67606
(5512, 18, 67603, 0, 3313, 1, 0, 0, 57564), -- 67603
(5512, 17, 66120, 0, 3313, 1, 0, 0, 57564), -- 66120
(5512, 16, 66127, 0, 3312, 1, 0, 0, 57564), -- 66127
(5512, 15, 66109, 0, 3312, 1, 0, 0, 57564), -- 66109
(5512, 14, 66105, 0, 3312, 1, 0, 0, 57564), -- 66105
(5512, 13, 66107, 0, 3312, 1, 0, 0, 57564), -- 66107
(5512, 12, 66119, 0, 3312, 1, 0, 0, 57564), -- 66119
(5512, 11, 66103, 0, 3312, 1, 0, 0, 57564), -- 66103
(5512, 10, 66126, 0, 3312, 1, 0, 0, 57564), -- 66126
(5512, 9, 66125, 0, 3312, 1, 0, 0, 57564), -- 66125
(5512, 8, 66118, 0, 3312, 1, 0, 0, 57564), -- 66118
(5512, 7, 66117, 0, 3312, 1, 0, 0, 57564), -- 66117
(5512, 6, 3857, 0, 0, 1, 0, 0, 57564), -- 3857
(5512, 5, 18567, 0, 0, 1, 0, 0, 57564), -- 18567
(5512, 4, 3466, 0, 0, 1, 0, 0, 57564), -- 3466
(5512, 3, 2880, 0, 0, 1, 0, 0, 57564), -- 2880
(5512, 2, 5956, 0, 0, 1, 0, 0, 57564), -- 5956
(5512, 1, 2901, 0, 0, 1, 0, 0, 57564), -- 2901
(43768, 7, 25527, 0, 0, 1, 0, 0, 57564), -- 25527
(43768, 6, 25529, 0, 0, 1, 0, 0, 57564), -- 25529
(43768, 5, 25528, 0, 0, 1, 0, 0, 57564), -- 25528
(43768, 4, 25473, 0, 0, 1, 0, 0, 57564), -- 25473
(43768, 3, 25472, 0, 0, 1, 0, 0, 57564), -- 25472
(43768, 2, 25470, 0, 0, 1, 0, 0, 57564), -- 25470
(43768, 1, 25471, 0, 0, 1, 0, 0, 57564), -- 25471
(3935, 6, 8952, 0, 0, 1, 0, 0, 57564), -- 8952
(3935, 5, 4599, 0, 0, 1, 0, 0, 57564), -- 4599
(3935, 4, 3771, 0, 0, 1, 0, 0, 57564), -- 3771
(3935, 3, 3770, 0, 0, 1, 0, 0, 57564), -- 3770
(3935, 2, 2287, 0, 0, 1, 0, 0, 57564), -- 2287
(3935, 1, 117, 0, 0, 1, 0, 0, 57564), -- 117
(465, 18, 8932, 0, 0, 1, 0, 0, 57564), -- 8932
(465, 17, 3927, 0, 0, 1, 0, 0, 57564), -- 3927
(465, 16, 1707, 0, 0, 1, 0, 0, 57564), -- 1707
(465, 15, 422, 0, 0, 1, 0, 0, 57564), -- 422
(465, 14, 414, 0, 0, 1, 0, 0, 57564), -- 414
(465, 13, 2070, 0, 0, 1, 0, 0, 57564), -- 2070
(465, 12, 2595, 0, 0, 1, 0, 0, 57564), -- 2595
(465, 11, 2594, 0, 0, 1, 0, 0, 57564), -- 2594
(465, 10, 2596, 0, 0, 1, 0, 0, 57564), -- 2596
(465, 9, 2593, 0, 0, 1, 0, 0, 57564), -- 2593
(465, 8, 2723, 0, 0, 1, 0, 0, 57564), -- 2723
(465, 7, 8766, 0, 0, 1, 0, 0, 57564), -- 8766
(465, 6, 1645, 0, 0, 1, 0, 0, 57564), -- 1645
(465, 5, 1708, 0, 0, 1, 0, 0, 57564), -- 1708
(465, 4, 1205, 0, 0, 1, 0, 0, 57564), -- 1205
(465, 3, 1179, 0, 0, 1, 0, 0, 57564), -- 1179
(465, 2, 159, 0, 0, 1, 0, 0, 57564), -- 159
(465, 1, 1939, 0, 0, 1, 0, 0, 57564), -- 1939
(151, 6, 5042, 0, 0, 1, 0, 0, 57564), -- 5042
(151, 5, 4470, 0, 0, 1, 0, 0, 57564), -- 4470
(151, 4, 4498, 0, 0, 1, 0, 0, 57564), -- 4498
(151, 3, 4496, 0, 0, 1, 0, 0, 57564), -- 4496
(151, 2, 4540, 0, 0, 1, 0, 0, 57564), -- 4540
(151, 1, 159, 0, 0, 1, 0, 0, 57564), -- 159
(295, 12, 8766, 0, 0, 1, 0, 0, 57564), -- 8766
(295, 11, 1645, 0, 0, 1, 0, 0, 57564), -- 1645
(295, 10, 1708, 0, 0, 1, 0, 0, 57564), -- 1708
(295, 9, 1205, 0, 0, 1, 0, 0, 57564), -- 1205
(295, 8, 1179, 0, 0, 1, 0, 0, 57564), -- 1179
(295, 7, 159, 0, 0, 1, 0, 0, 57564), -- 159
(295, 6, 8932, 0, 0, 1, 0, 0, 57564), -- 8932
(295, 5, 3927, 0, 0, 1, 0, 0, 57564), -- 3927
(295, 4, 1707, 0, 0, 1, 0, 0, 57564), -- 1707
(295, 3, 422, 0, 0, 1, 0, 0, 57564), -- 422
(295, 2, 414, 0, 0, 1, 0, 0, 57564), -- 414
(295, 1, 2070, 0, 0, 1, 0, 0, 57564), -- 2070
(2046, 8, 1201, 0, 0, 1, 0, 0, 57564), -- 1201
(2046, 7, 17186, 0, 0, 1, 0, 0, 57564), -- 17186
(2046, 6, 2397, 0, 0, 1, 0, 0, 57564), -- 2397
(2046, 5, 2396, 0, 0, 1, 0, 0, 57564), -- 2396
(2046, 4, 2395, 0, 0, 1, 0, 0, 57564), -- 2395
(2046, 3, 2394, 0, 0, 1, 0, 0, 57564), -- 2394
(2046, 2, 2393, 0, 0, 1, 0, 0, 57564), -- 2393
(2046, 1, 2392, 0, 0, 1, 0, 0, 57564), -- 2392
(54, 10, 29007, 0, 0, 1, 0, 0, 57564), -- 29007
(54, 9, 25872, 0, 0, 1, 0, 0, 57564), -- 25872
(54, 8, 2495, 0, 0, 1, 0, 0, 57564), -- 2495
(54, 7, 2494, 0, 0, 1, 0, 0, 57564), -- 2494
(54, 6, 2493, 0, 0, 1, 0, 0, 57564), -- 2493
(54, 5, 2492, 0, 0, 1, 0, 0, 57564), -- 2492
(54, 4, 2491, 0, 0, 1, 0, 0, 57564), -- 2491
(54, 3, 2490, 0, 0, 1, 0, 0, 57564), -- 2490
(54, 2, 2489, 0, 0, 1, 0, 0, 57564), -- 2489
(54, 1, 2488, 0, 0, 1, 0, 0, 57564), -- 2488
(74, 12, 797, 0, 0, 1, 0, 0, 57564), -- 797
(74, 11, 1840, 0, 0, 1, 0, 0, 57564), -- 1840
(74, 10, 796, 0, 0, 1, 0, 0, 57564), -- 796
(74, 9, 798, 0, 0, 1, 0, 0, 57564), -- 798
(74, 8, 1839, 0, 0, 1, 0, 0, 57564), -- 1839
(74, 7, 799, 0, 0, 1, 0, 0, 57564), -- 799
(74, 6, 793, 0, 0, 1, 0, 0, 57564), -- 793
(74, 5, 3603, 0, 0, 1, 0, 0, 57564), -- 3603
(74, 4, 792, 0, 0, 1, 0, 0, 57564), -- 792
(74, 3, 794, 0, 0, 1, 0, 0, 57564), -- 794
(74, 2, 3602, 0, 0, 1, 0, 0, 57564), -- 3602
(74, 1, 795, 0, 0, 1, 0, 0, 57564), -- 795
(6367, 4, 8488, 0, 0, 1, 0, 0, 57564), -- 8488
(6367, 3, 8487, 0, 0, 1, 0, 0, 57564), -- 8487
(6367, 2, 8486, 0, 0, 1, 0, 0, 57564), -- 8486
(6367, 1, 8485, 0, 0, 1, 0, 0, 57564), -- 8485
(1213, 8, 2129, 0, 0, 1, 0, 0, 57564), -- 2129
(1213, 7, 17184, 0, 0, 1, 0, 0, 57564), -- 17184
(1213, 6, 2385, 0, 0, 1, 0, 0, 57564), -- 2385
(1213, 5, 2384, 0, 0, 1, 0, 0, 57564), -- 2384
(1213, 4, 2383, 0, 0, 1, 0, 0, 57564), -- 2383
(1213, 3, 2380, 0, 0, 1, 0, 0, 57564), -- 2380
(1213, 2, 2381, 0, 0, 1, 0, 0, 57564), -- 2381
(1213, 1, 2379, 0, 0, 1, 0, 0, 57564), -- 2379
(190, 12, 2125, 0, 0, 1, 0, 0, 57564), -- 2125
(190, 11, 2124, 0, 0, 1, 0, 0, 57564), -- 2124
(190, 10, 2123, 0, 0, 1, 0, 0, 57564), -- 2123
(190, 9, 2126, 0, 0, 1, 0, 0, 57564), -- 2126
(190, 8, 2122, 0, 0, 1, 0, 0, 57564), -- 2122
(190, 7, 2127, 0, 0, 1, 0, 0, 57564), -- 2127
(190, 6, 2119, 0, 0, 1, 0, 0, 57564), -- 2119
(190, 5, 3600, 0, 0, 1, 0, 0, 57564), -- 3600
(190, 4, 2117, 0, 0, 1, 0, 0, 57564), -- 2117
(190, 3, 2120, 0, 0, 1, 0, 0, 57564), -- 2120
(190, 2, 3599, 0, 0, 1, 0, 0, 57564), -- 3599
(190, 1, 2121, 0, 0, 1, 0, 0, 57564), -- 2121
(152, 3, 4496, 0, 0, 1, 0, 0, 57564), -- 4496
(152, 2, 159, 0, 0, 1, 0, 0, 57564), -- 159
(152, 1, 4540, 0, 0, 1, 0, 0, 57564), -- 4540
(78, 10, 25861, 0, 0, 1, 0, 0, 57564), -- 25861
(78, 9, 28979, 0, 0, 1, 0, 0, 57564), -- 28979
(78, 8, 2132, 0, 0, 1, 0, 0, 57564), -- 2132
(78, 7, 2139, 0, 0, 1, 0, 0, 57564), -- 2139
(78, 6, 2480, 0, 0, 1, 0, 0, 57564), -- 2480
(78, 5, 2130, 0, 0, 1, 0, 0, 57564), -- 2130
(78, 4, 2479, 0, 0, 1, 0, 0, 57564), -- 2479
(78, 3, 2134, 0, 0, 1, 0, 0, 57564), -- 2134
(78, 2, 1194, 0, 0, 1, 0, 0, 57564), -- 1194
(78, 1, 2131, 0, 0, 1, 0, 0, 57564); -- 2131


DELETE FROM `points_of_interest` WHERE `ID`=2714;
INSERT INTO `points_of_interest` (`ID`, `PositionX`, `PositionY`, `PositionZ`, `Icon`, `Flags`, `Importance`, `Name`, `WMOGroupID`, `VerifiedBuild`) VALUES
(2714, -8697.1845703125, 847.64581298828125, 98.68521881103515625, 7, 99, 0, 'The Three Winds', 0, 57564);

DELETE FROM `gossip_menu_option` WHERE (`OptionID`=4 AND `MenuID` IN (435,3506)) OR (`OptionID`=11 AND `MenuID` IN (12180,12185,12189,435)) OR (`OptionID`=1 AND `MenuID` IN (3506,1291,12189,12180,12185,435)) OR (`OptionID`=0 AND `MenuID` IN (1291,5853,581,4650,698,4172,4146,3506,5665,693,435,2744,660,685,704,4649)) OR (`OptionID`=15 AND `MenuID` IN (12189,435)) OR (`OptionID`=12 AND `MenuID` IN (12185,12189,435,12180)) OR (`OptionID`=14 AND `MenuID` IN (12185,12189,435)) OR (`OptionID`=13 AND `MenuID` IN (435,12189,12185)) OR (`OptionID`=5 AND `MenuID` IN (3506,435)) OR (`OptionID`=7 AND `MenuID`=435) OR (`OptionID`=2 AND `MenuID` IN (1291,3506)) OR (`OptionID`=3 AND `MenuID` IN (3506,435)) OR (`OptionID`=8 AND `MenuID`=435) OR (`OptionID`=9 AND `MenuID`=435) OR (`OptionID`=16 AND `MenuID`=12189) OR (`OptionID`=6 AND `MenuID` IN (435,3506)) OR (`OptionID`=10 AND `MenuID`=435);
INSERT INTO `gossip_menu_option` (`MenuID`, `GossipOptionID`, `OptionID`, `OptionNpc`, `OptionText`, `OptionBroadcastTextID`, `Language`, `Flags`, `ActionMenuID`, `ActionPoiID`, `GossipNpcOptionID`, `BoxCoded`, `BoxMoney`, `BoxText`, `BoxBroadcastTextID`, `SpellID`, `OverrideIconID`, `VerifiedBuild`) VALUES
(435, 89290, 4, 0, 'Bank', 0, 0, 0, 0, 0, NULL, 0, 0, NULL, 0, NULL, NULL, 57564),
(12180, 112898, 11, 0, 'Tell me about gathering professions.', 0, 0, 0, 12185, 0, NULL, 0, 0, NULL, 0, NULL, NULL, 57564),
(3506, 87606, 1, 0, 'Gryphon Master', 0, 0, 0, 0, 0, NULL, 0, 0, NULL, 0, NULL, NULL, 57564),
(1291, 87859, 0, 0, 'What can I do at an inn?', 0, 0, 0, 1221, 0, NULL, 0, 0, NULL, 0, NULL, NULL, 57564),
(12185, 112911, 11, 0, 'Tell me about Herbalism.', 0, 0, 0, 0, 0, NULL, 0, 0, NULL, 0, NULL, NULL, 57564),
(5853, 89213, 0, 3, 'Train me.', 0, 0, 0, 0, 0, NULL, 0, 0, NULL, 0, NULL, NULL, 57564),
(12189, 112979, 15, 0, 'Tell me about gathering professions.', 0, 0, 0, 0, 0, NULL, 0, 0, NULL, 0, NULL, NULL, 57564),
(12185, 112912, 12, 0, 'Tell me about Mining.', 0, 0, 0, 12189, 0, NULL, 0, 0, NULL, 0, NULL, NULL, 57564),
(1291, 87858, 1, 5, 'Make this inn your home.', 0, 0, 0, 0, 0, NULL, 0, 0, NULL, 0, NULL, NULL, 57564),
(12189, 112976, 12, 0, 'Tell me about Blacksmithing.', 0, 0, 0, 0, 0, NULL, 0, 0, NULL, 0, NULL, NULL, 57564),
(12185, 112914, 14, 0, 'Tell me about production professions.', 0, 0, 0, 0, 0, NULL, 0, 0, NULL, 0, NULL, NULL, 57564),
(12189, 112975, 11, 3, 'Train me in Mining.', 0, 0, 0, 0, 0, NULL, 0, 0, NULL, 0, NULL, NULL, 57564),
(435, 89281, 13, 0, 'Profession Trainer', 0, 7, 0, 0, 0, NULL, 0, 0, NULL, 0, NULL, NULL, 57564),
(3506, 87602, 5, 0, 'Class Trainer', 0, 0, 0, 0, 0, NULL, 0, 0, NULL, 0, NULL, NULL, 57564),
(12189, 112965, 1, 3, 'Train me in Blacksmithing.', 0, 0, 0, 0, 0, NULL, 0, 0, NULL, 0, NULL, NULL, 57564),
(435, 89287, 7, 0, 'Flight Master', 0, 7, 0, 0, 0, NULL, 0, 0, NULL, 0, NULL, NULL, 57564),
(1291, 87857, 2, 1, 'I want to browse your goods.', 0, 0, 0, 0, 0, NULL, 0, 0, NULL, 0, NULL, NULL, 57564),
(3506, 87604, 3, 0, 'Inn', 0, 0, 0, 0, 0, NULL, 0, 0, NULL, 0, NULL, NULL, 57564),
(435, 89282, 12, 0, 'Portals', 0, 0, 0, 0, 0, NULL, 0, 0, NULL, 0, NULL, NULL, 57564),
(581, 88082, 0, 3, 'Train me.', 0, 0, 0, 0, 0, NULL, 0, 0, NULL, 0, NULL, NULL, 57564),
(12180, 112888, 1, 3, 'Train me in Blacksmithing.', 0, 0, 0, 0, 0, NULL, 0, 0, NULL, 0, NULL, NULL, 57564),
(4650, 88971, 0, 3, 'I require warrior training.', 0, 0, 0, 0, 0, NULL, 0, 0, NULL, 0, NULL, NULL, 57564),
(698, 87821, 0, 1, 'I want to browse your goods.', 0, 0, 0, 0, 0, NULL, 0, 0, NULL, 0, NULL, NULL, 57564),
(4172, 89613, 0, 3, 'Train me.', 0, 0, 0, 0, 0, NULL, 0, 0, NULL, 0, NULL, NULL, 57564),
(435, 89291, 3, 0, 'Auction House', 0, 0, 0, 0, 0, NULL, 0, 0, NULL, 0, NULL, NULL, 57564),
(12189, 112977, 13, 0, 'Tell me about Engineering.', 0, 0, 0, 0, 0, NULL, 0, 0, NULL, 0, NULL, NULL, 57564),
(4146, 88319, 0, 3, 'Train me.', 0, 0, 0, 0, 0, NULL, 0, 0, NULL, 0, NULL, NULL, 57564),
(3506, 87607, 0, 0, 'Bank', 0, 0, 0, 0, 0, NULL, 0, 0, NULL, 0, NULL, NULL, 57564),
(435, 89286, 8, 0, 'Guild Master & Vendor', 0, 7, 0, 0, 0, NULL, 0, 0, NULL, 0, NULL, NULL, 57564),
(12189, 112978, 14, 0, 'Tell me about Jewelcrafting.', 0, 0, 0, 0, 0, NULL, 0, 0, NULL, 0, NULL, NULL, 57564),
(5665, 88647, 0, 3, 'Train me.', 0, 0, 0, 0, 0, NULL, 0, 0, NULL, 0, NULL, NULL, 57564),
(693, 87652, 0, 1, 'I want to browse your goods.', 0, 0, 0, 0, 0, NULL, 0, 0, NULL, 0, NULL, NULL, 57564),
(435, 89280, 14, 0, 'Stable Master', 0, 7, 0, 0, 0, NULL, 0, 0, NULL, 0, NULL, NULL, 57564),
(435, 89294, 0, 0, '|cFF0008E8NEW|r: Reforging', 0, 0, 0, 13029, 2714, NULL, 0, 0, NULL, 0, NULL, NULL, 57564),
(435, 89285, 9, 0, 'Inn', 0, 0, 0, 0, 0, NULL, 0, 0, NULL, 0, NULL, NULL, 57564),
(2744, 87960, 0, 3, 'Train me.', 0, 0, 0, 0, 0, NULL, 0, 0, NULL, 0, NULL, NULL, 57564),
(12185, 112901, 1, 3, 'Train me in Blacksmithing.', 0, 0, 0, 0, 0, NULL, 0, 0, NULL, 0, NULL, NULL, 57564),
(660, 87933, 0, 3, 'Train me.', 0, 0, 0, 0, 0, NULL, 0, 0, NULL, 0, NULL, NULL, 57564),
(12185, 112913, 13, 0, 'Tell me about Skinning.', 0, 0, 0, 0, 0, NULL, 0, 0, NULL, 0, NULL, NULL, 57564),
(435, 89283, 11, 0, 'Points of Interest', 0, 0, 0, 0, 0, NULL, 0, 0, NULL, 0, NULL, NULL, 57564),
(12189, 112980, 16, 0, 'Tell me about production professions.', 0, 0, 0, 0, 0, NULL, 0, 0, NULL, 0, NULL, NULL, 57564),
(435, 89288, 6, 0, 'Class Trainer', 0, 7, 0, 0, 0, NULL, 0, 0, NULL, 0, NULL, NULL, 57564),
(3506, 87603, 4, 0, 'Stable Master', 0, 7, 0, 0, 0, NULL, 0, 0, NULL, 0, NULL, NULL, 57564),
(435, 89293, 1, 0, '|cFF0008E8NEW|r: Transmogrification', 0, 0, 0, 13029, 2714, NULL, 0, 0, NULL, 0, NULL, NULL, 57564),
(685, 87621, 0, 1, 'I want to browse your goods.', 0, 0, 0, 0, 0, NULL, 0, 0, NULL, 0, NULL, NULL, 57564),
(704, 88778, 0, 2, 'I need a ride.', 0, 0, 0, 0, 0, NULL, 0, 0, NULL, 0, NULL, NULL, 57564),
(3506, 87601, 6, 0, 'Profession Trainer', 0, 0, 0, 0, 0, NULL, 0, 0, NULL, 0, NULL, NULL, 57564),
(4649, 89178, 0, 3, 'I require warrior training.', 0, 0, 0, 0, 0, NULL, 0, 0, NULL, 0, NULL, NULL, 57564),
(435, 89284, 10, 0, 'Mailbox', 0, 0, 0, 0, 0, NULL, 0, 0, NULL, 0, NULL, NULL, 57564),
(435, 89289, 5, 0, 'Barber', 0, 0, 0, 0, 0, NULL, 0, 0, NULL, 0, NULL, NULL, 57564),
(3506, 87605, 2, 0, 'Guild Master & Vendor', 0, 0, 0, 0, 0, NULL, 0, 0, NULL, 0, NULL, NULL, 57564),
(12180, 112899, 12, 0, 'Tell me about production professions.', 0, 0, 0, 0, 0, NULL, 0, 0, NULL, 0, NULL, NULL, 57564),
(435, 111438, 15, 0, 'Vendor', 0, 0, 0, 0, 0, NULL, 0, 0, NULL, 0, NULL, NULL, 57564);



DELETE FROM `creature_template_model` WHERE (`Idx`=0 AND `CreatureID` IN (395,583,116,6508,35189,687,45445,31216,3520,4961,51938,13018,50088,49908,49907,46153,44904,10200,44395,834,47688,521,18670,48633,56097,48634,1478,1477,42722,20748,1558,417,21956,18476,45450,29172,26125,1860,462)) OR (`Idx`=1 AND `CreatureID` IN (116,50088,49907,46153,26125)) OR (`Idx`=2 AND `CreatureID` IN (49907,46153,26125)) OR (`Idx`=3 AND `CreatureID`=26125);
INSERT INTO `creature_template_model` (`CreatureID`, `Idx`, `CreatureDisplayID`, `DisplayScale`, `Probability`, `VerifiedBuild`) VALUES
(395, 0, 262, 1, 1, 57564), -- 395
(583, 0, 32831, 1, 1, 57564), -- 583
(116, 1, 33162, 1, 1, 57564), -- 116
(116, 0, 33161, 1, 1, 57564), -- 116
(6508, 0, 5291, 1, 0, 57564), -- 6508
(35189, 0, 29673, 1, 1, 57564), -- 35189
(687, 0, 11317, 1, 1, 57564), -- 687
(45445, 0, 34500, 1, 0, 57564), -- 45445
(31216, 0, 11686, 1, 1, 57564), -- 31216
(3520, 0, 1544, 1, 1, 57564), -- 3520
(4961, 0, 3238, 1, 0, 57564), -- 4961
(51938, 0, 31174, 1, 1, 57564), -- 51938
(13018, 0, 12965, 1, 0, 57564), -- 13018
(50088, 1, 21342, 1, 1, 57564), -- 50088
(50088, 0, 16480, 1, 0, 57564), -- 50088
(49908, 0, 31174, 1, 1, 57564), -- 49908
(49907, 2, 11873, 1, 0, 57564), -- 49907
(49907, 1, 257, 1, 1, 57564), -- 49907
(49907, 0, 344, 1, 0, 57564), -- 49907
(46153, 2, 35569, 1, 1, 57564), -- 46153
(46153, 1, 35568, 1, 1, 57564), -- 46153
(46153, 0, 22003, 1, 1, 57564), -- 46153
(44904, 0, 33878, 1, 0, 57564), -- 44904
(10200, 0, 10054, 1, 0, 57564), -- 10200
(44395, 0, 29961, 1, 1, 57564), -- 44395
(834, 0, 643, 1, 1, 57564), -- 834
(47688, 0, 35774, 1, 100, 57564), -- 47688
(521, 0, 10278, 1, 1, 57564), -- 521
(18670, 0, 18063, 1, 0, 57564), -- 18670
(48633, 0, 36214, 1, 0, 57564), -- 48633
(56097, 0, 39319, 1, 0, 57564), -- 56097
(48634, 0, 36215, 1, 0, 57564), -- 48634
(1478, 0, 1519, 1, 1, 57564), -- 1478
(1477, 0, 1509, 1, 1, 57564), -- 1477
(42722, 0, 30221, 1, 1, 57564), -- 42722
(20748, 0, 9370, 1, 0, 57564), -- 20748
(1558, 0, 844, 1, 1, 57564), -- 1558
(417, 0, 850, 1, 1, 57564), -- 417
(21956, 0, 20634, 1, 1, 57564), -- 21956
(18476, 0, 11419, 1, 0, 57564), -- 18476
(45450, 0, 34508, 1, 1, 57564), -- 45450
(29172, 0, 14703, 1, 0, 57564), -- 29172
(26125, 3, 24995, 1, 1, 57564), -- 26125
(26125, 2, 24992, 1, 1, 57564), -- 26125
(26125, 1, 24993, 1, 1, 57564), -- 26125
(26125, 0, 24994, 1, 1, 57564), -- 26125
(1860, 0, 1132, 1, 1, 57564), -- 1860
(462, 0, 507, 1, 1, 57564); -- 462


DELETE FROM `gameobject_template` WHERE `entry` IN (197141 /*197141*/, 197145 /*197145*/, 191164 /*191164*/, 176033 /*176033*/, 176031 /*176031*/, 176030 /*176030*/, 176029 /*176029*/, 176028 /*176028*/, 176027 /*176027*/, 176026 /*176026*/, 176025 /*176025*/, 176024 /*176024*/, 176023 /*176023*/, 176022 /*176022*/, 176021 /*176021*/, 176020 /*176020*/, 176085 /*176085*/, 176081 /*176081*/, 176080 /*176080*/, 176015 /*176015*/, 176011 /*176011*/, 176007 /*176007*/, 176107 /*176107*/, 176103 /*176103*/, 176099 /*176099*/, 176016 /*176016*/, 176012 /*176012*/, 176008 /*176008*/, 176004 /*176004*/, 176108 /*176108*/, 176104 /*176104*/, 176100 /*176100*/, 176017 /*176017*/, 176013 /*176013*/, 176009 /*176009*/, 176005 /*176005*/, 176109 /*176109*/, 176105 /*176105*/, 176101 /*176101*/, 176018 /*176018*/, 176014 /*176014*/, 176010 /*176010*/, 176006 /*176006*/, 176106 /*176106*/, 176102 /*176102*/, 176098 /*176098*/, 176019 /*176019*/, 176084 /*176084*/, 176083 /*176083*/, 176082 /*176082*/, 164639 /*164639*/, 22538 /*22538*/, 22537 /*22537*/, 22536 /*22536*/, 208607 /*208607*/, 201498 /*201498*/, 206602 /*206602*/, 193963 /*193963*/, 1619 /*1619*/);
INSERT INTO `gameobject_template` (`entry`, `type`, `displayId`, `name`, `IconName`, `castBarCaption`, `unk1`, `size`, `Data0`, `Data1`, `Data2`, `Data3`, `Data4`, `Data5`, `Data6`, `Data7`, `Data8`, `Data9`, `Data10`, `Data11`, `Data12`, `Data13`, `Data14`, `Data15`, `Data16`, `Data17`, `Data18`, `Data19`, `Data20`, `Data21`, `Data22`, `Data23`, `Data24`, `Data25`, `Data26`, `Data27`, `Data28`, `Data29`, `Data30`, `Data31`, `Data32`, `Data33`, `Data34`, `ContentTuningId`, `VerifiedBuild`) VALUES
(197141, 9, 214, 'Kurdran Wildhammer', '', '', '', 1.70000004768371582, 287, 7, 5, 0, 0, 0, 0, 0, 0, 0, 0, 0, 0, 0, 0, 0, 0, 0, 0, 0, 0, 0, 0, 0, 0, 0, 0, 0, 0, 0, 0, 0, 0, 0, 0, 0, 57564), -- 197141
(197145, 9, 214, 'Archmage Khadgar of the Kirin Tor', '', '', '', 1.70000004768371582, 289, 7, 5, 0, 0, 0, 0, 0, 0, 0, 0, 0, 0, 0, 0, 0, 0, 0, 0, 0, 0, 0, 0, 0, 0, 0, 0, 0, 0, 0, 0, 0, 0, 0, 0, 0, 57564), -- 197145
(191164, 22, 8111, 'Portal to Dalaran', '', '', '', 1, 53141, 0, 1, 1, 0, 0, 0, 0, 0, 0, 0, 0, 0, 0, 0, 0, 0, 0, 0, 0, 0, 0, 0, 0, 0, 0, 0, 0, 0, 0, 0, 0, 0, 0, 0, 0, 57564), -- 191164
(176033, 7, 4091, 'Subway Bench', '', '', '', 1, 3, 1, 0, 0, 0, 0, 0, 0, 0, 0, 0, 0, 0, 0, 0, 0, 0, 0, 0, 0, 0, 0, 0, 0, 0, 0, 0, 0, 0, 0, 0, 0, 0, 0, 0, 0, 57564), -- 176033
(176031, 7, 4091, 'Subway Bench', '', '', '', 1, 3, 1, 0, 0, 0, 0, 0, 0, 0, 0, 0, 0, 0, 0, 0, 0, 0, 0, 0, 0, 0, 0, 0, 0, 0, 0, 0, 0, 0, 0, 0, 0, 0, 0, 0, 0, 57564), -- 176031
(176030, 7, 4091, 'Subway Bench', '', '', '', 1, 3, 1, 0, 0, 0, 0, 0, 0, 0, 0, 0, 0, 0, 0, 0, 0, 0, 0, 0, 0, 0, 0, 0, 0, 0, 0, 0, 0, 0, 0, 0, 0, 0, 0, 0, 0, 57564), -- 176030
(176029, 7, 4091, 'Subway Bench', '', '', '', 1, 3, 1, 0, 0, 0, 0, 0, 0, 0, 0, 0, 0, 0, 0, 0, 0, 0, 0, 0, 0, 0, 0, 0, 0, 0, 0, 0, 0, 0, 0, 0, 0, 0, 0, 0, 0, 57564), -- 176029
(176028, 7, 4091, 'Subway Bench', '', '', '', 1, 3, 1, 0, 0, 0, 0, 0, 0, 0, 0, 0, 0, 0, 0, 0, 0, 0, 0, 0, 0, 0, 0, 0, 0, 0, 0, 0, 0, 0, 0, 0, 0, 0, 0, 0, 0, 57564), -- 176028
(176027, 7, 4091, 'Subway Bench', '', '', '', 1, 3, 1, 0, 0, 0, 0, 0, 0, 0, 0, 0, 0, 0, 0, 0, 0, 0, 0, 0, 0, 0, 0, 0, 0, 0, 0, 0, 0, 0, 0, 0, 0, 0, 0, 0, 0, 57564), -- 176027
(176026, 7, 4091, 'Subway Bench', '', '', '', 1, 3, 1, 0, 0, 0, 0, 0, 0, 0, 0, 0, 0, 0, 0, 0, 0, 0, 0, 0, 0, 0, 0, 0, 0, 0, 0, 0, 0, 0, 0, 0, 0, 0, 0, 0, 0, 57564), -- 176026
(176025, 7, 4091, 'Subway Bench', '', '', '', 1, 3, 1, 0, 0, 0, 0, 0, 0, 0, 0, 0, 0, 0, 0, 0, 0, 0, 0, 0, 0, 0, 0, 0, 0, 0, 0, 0, 0, 0, 0, 0, 0, 0, 0, 0, 0, 57564), -- 176025
(176024, 7, 4091, 'Subway Bench', '', '', '', 1, 3, 1, 0, 0, 0, 0, 0, 0, 0, 0, 0, 0, 0, 0, 0, 0, 0, 0, 0, 0, 0, 0, 0, 0, 0, 0, 0, 0, 0, 0, 0, 0, 0, 0, 0, 0, 57564), -- 176024
(176023, 7, 4091, 'Subway Bench', '', '', '', 1, 3, 1, 0, 0, 0, 0, 0, 0, 0, 0, 0, 0, 0, 0, 0, 0, 0, 0, 0, 0, 0, 0, 0, 0, 0, 0, 0, 0, 0, 0, 0, 0, 0, 0, 0, 0, 57564), -- 176023
(176022, 7, 4091, 'Subway Bench', '', '', '', 1, 3, 1, 0, 0, 0, 0, 0, 0, 0, 0, 0, 0, 0, 0, 0, 0, 0, 0, 0, 0, 0, 0, 0, 0, 0, 0, 0, 0, 0, 0, 0, 0, 0, 0, 0, 0, 57564), -- 176022
(176021, 7, 4091, 'Subway Bench', '', '', '', 1, 3, 1, 0, 0, 0, 0, 0, 0, 0, 0, 0, 0, 0, 0, 0, 0, 0, 0, 0, 0, 0, 0, 0, 0, 0, 0, 0, 0, 0, 0, 0, 0, 0, 0, 0, 0, 57564), -- 176021
(176020, 7, 4091, 'Subway Bench', '', '', '', 1, 3, 1, 0, 0, 0, 0, 0, 0, 0, 0, 0, 0, 0, 0, 0, 0, 0, 0, 0, 0, 0, 0, 0, 0, 0, 0, 0, 0, 0, 0, 0, 0, 0, 0, 0, 0, 57564), -- 176020
(176085, 11, 3831, 'Subway', '', '', '', 1, 0, 0, 0, 0, 0, 0, 0, 0, 0, 0, 0, 0, 0, 0, 0, 0, 0, 0, 0, 0, 0, 0, 0, 0, 0, 0, 0, 0, 0, 0, 0, 0, 0, 0, 0, 0, 57564), -- 176085
(176081, 11, 3831, 'Subway', '', '', '', 1, 0, 0, 0, 0, 0, 0, 0, 0, 0, 0, 0, 0, 0, 0, 0, 0, 0, 0, 0, 0, 0, 0, 0, 0, 0, 0, 0, 0, 0, 0, 0, 0, 0, 0, 0, 0, 57564), -- 176081
(176080, 11, 3831, 'Subway', '', '', '', 1, 0, 0, 0, 0, 0, 0, 0, 0, 0, 0, 0, 0, 0, 0, 0, 0, 0, 0, 0, 0, 0, 0, 0, 0, 0, 0, 0, 0, 0, 0, 0, 0, 0, 0, 0, 0, 57564), -- 176080
(176015, 7, 4091, 'Subway Bench', '', '', '', 1, 3, 1, 0, 0, 0, 0, 0, 0, 0, 0, 0, 0, 0, 0, 0, 0, 0, 0, 0, 0, 0, 0, 0, 0, 0, 0, 0, 0, 0, 0, 0, 0, 0, 0, 0, 0, 57564), -- 176015
(176011, 7, 4091, 'Subway Bench', '', '', '', 1, 3, 1, 0, 0, 0, 0, 0, 0, 0, 0, 0, 0, 0, 0, 0, 0, 0, 0, 0, 0, 0, 0, 0, 0, 0, 0, 0, 0, 0, 0, 0, 0, 0, 0, 0, 0, 57564), -- 176011
(176007, 7, 4091, 'Subway Bench', '', '', '', 1, 3, 1, 0, 0, 0, 0, 0, 0, 0, 0, 0, 0, 0, 0, 0, 0, 0, 0, 0, 0, 0, 0, 0, 0, 0, 0, 0, 0, 0, 0, 0, 0, 0, 0, 0, 0, 57564), -- 176007
(176107, 7, 4091, 'Subway Bench', '', '', '', 1, 3, 1, 0, 0, 0, 0, 0, 0, 0, 0, 0, 0, 0, 0, 0, 0, 0, 0, 0, 0, 0, 0, 0, 0, 0, 0, 0, 0, 0, 0, 0, 0, 0, 0, 0, 0, 57564), -- 176107
(176103, 7, 4091, 'Subway Bench', '', '', '', 1, 3, 1, 0, 0, 0, 0, 0, 0, 0, 0, 0, 0, 0, 0, 0, 0, 0, 0, 0, 0, 0, 0, 0, 0, 0, 0, 0, 0, 0, 0, 0, 0, 0, 0, 0, 0, 57564), -- 176103
(176099, 7, 4091, 'Subway Bench', '', '', '', 1, 3, 1, 0, 0, 0, 0, 0, 0, 0, 0, 0, 0, 0, 0, 0, 0, 0, 0, 0, 0, 0, 0, 0, 0, 0, 0, 0, 0, 0, 0, 0, 0, 0, 0, 0, 0, 57564), -- 176099
(176016, 7, 4091, 'Subway Bench', '', '', '', 1, 3, 1, 0, 0, 0, 0, 0, 0, 0, 0, 0, 0, 0, 0, 0, 0, 0, 0, 0, 0, 0, 0, 0, 0, 0, 0, 0, 0, 0, 0, 0, 0, 0, 0, 0, 0, 57564), -- 176016
(176012, 7, 4091, 'Subway Bench', '', '', '', 1, 3, 1, 0, 0, 0, 0, 0, 0, 0, 0, 0, 0, 0, 0, 0, 0, 0, 0, 0, 0, 0, 0, 0, 0, 0, 0, 0, 0, 0, 0, 0, 0, 0, 0, 0, 0, 57564), -- 176012
(176008, 7, 4091, 'Subway Bench', '', '', '', 1, 3, 1, 0, 0, 0, 0, 0, 0, 0, 0, 0, 0, 0, 0, 0, 0, 0, 0, 0, 0, 0, 0, 0, 0, 0, 0, 0, 0, 0, 0, 0, 0, 0, 0, 0, 0, 57564), -- 176008
(176004, 7, 4091, 'Subway Bench', '', '', '', 1, 3, 1, 0, 0, 0, 0, 0, 0, 0, 0, 0, 0, 0, 0, 0, 0, 0, 0, 0, 0, 0, 0, 0, 0, 0, 0, 0, 0, 0, 0, 0, 0, 0, 0, 0, 0, 57564), -- 176004
(176108, 7, 4091, 'Subway Bench', '', '', '', 1, 3, 1, 0, 0, 0, 0, 0, 0, 0, 0, 0, 0, 0, 0, 0, 0, 0, 0, 0, 0, 0, 0, 0, 0, 0, 0, 0, 0, 0, 0, 0, 0, 0, 0, 0, 0, 57564), -- 176108
(176104, 7, 4091, 'Subway Bench', '', '', '', 1, 3, 1, 0, 0, 0, 0, 0, 0, 0, 0, 0, 0, 0, 0, 0, 0, 0, 0, 0, 0, 0, 0, 0, 0, 0, 0, 0, 0, 0, 0, 0, 0, 0, 0, 0, 0, 57564), -- 176104
(176100, 7, 4091, 'Subway Bench', '', '', '', 1, 3, 1, 0, 0, 0, 0, 0, 0, 0, 0, 0, 0, 0, 0, 0, 0, 0, 0, 0, 0, 0, 0, 0, 0, 0, 0, 0, 0, 0, 0, 0, 0, 0, 0, 0, 0, 57564), -- 176100
(176017, 7, 4091, 'Subway Bench', '', '', '', 1, 3, 1, 0, 0, 0, 0, 0, 0, 0, 0, 0, 0, 0, 0, 0, 0, 0, 0, 0, 0, 0, 0, 0, 0, 0, 0, 0, 0, 0, 0, 0, 0, 0, 0, 0, 0, 57564), -- 176017
(176013, 7, 4091, 'Subway Bench', '', '', '', 1, 3, 1, 0, 0, 0, 0, 0, 0, 0, 0, 0, 0, 0, 0, 0, 0, 0, 0, 0, 0, 0, 0, 0, 0, 0, 0, 0, 0, 0, 0, 0, 0, 0, 0, 0, 0, 57564), -- 176013
(176009, 7, 4091, 'Subway Bench', '', '', '', 1, 3, 1, 0, 0, 0, 0, 0, 0, 0, 0, 0, 0, 0, 0, 0, 0, 0, 0, 0, 0, 0, 0, 0, 0, 0, 0, 0, 0, 0, 0, 0, 0, 0, 0, 0, 0, 57564), -- 176009
(176005, 7, 4091, 'Subway Bench', '', '', '', 1, 3, 1, 0, 0, 0, 0, 0, 0, 0, 0, 0, 0, 0, 0, 0, 0, 0, 0, 0, 0, 0, 0, 0, 0, 0, 0, 0, 0, 0, 0, 0, 0, 0, 0, 0, 0, 57564), -- 176005
(176109, 7, 4091, 'Subway Bench', '', '', '', 1, 3, 1, 0, 0, 0, 0, 0, 0, 0, 0, 0, 0, 0, 0, 0, 0, 0, 0, 0, 0, 0, 0, 0, 0, 0, 0, 0, 0, 0, 0, 0, 0, 0, 0, 0, 0, 57564), -- 176109
(176105, 7, 4091, 'Subway Bench', '', '', '', 1, 3, 1, 0, 0, 0, 0, 0, 0, 0, 0, 0, 0, 0, 0, 0, 0, 0, 0, 0, 0, 0, 0, 0, 0, 0, 0, 0, 0, 0, 0, 0, 0, 0, 0, 0, 0, 57564), -- 176105
(176101, 7, 4091, 'Subway Bench', '', '', '', 1, 3, 1, 0, 0, 0, 0, 0, 0, 0, 0, 0, 0, 0, 0, 0, 0, 0, 0, 0, 0, 0, 0, 0, 0, 0, 0, 0, 0, 0, 0, 0, 0, 0, 0, 0, 0, 57564), -- 176101
(176018, 7, 4091, 'Subway Bench', '', '', '', 1, 3, 1, 0, 0, 0, 0, 0, 0, 0, 0, 0, 0, 0, 0, 0, 0, 0, 0, 0, 0, 0, 0, 0, 0, 0, 0, 0, 0, 0, 0, 0, 0, 0, 0, 0, 0, 57564), -- 176018
(176014, 7, 4091, 'Subway Bench', '', '', '', 1, 3, 1, 0, 0, 0, 0, 0, 0, 0, 0, 0, 0, 0, 0, 0, 0, 0, 0, 0, 0, 0, 0, 0, 0, 0, 0, 0, 0, 0, 0, 0, 0, 0, 0, 0, 0, 57564), -- 176014
(176010, 7, 4091, 'Subway Bench', '', '', '', 1, 3, 1, 0, 0, 0, 0, 0, 0, 0, 0, 0, 0, 0, 0, 0, 0, 0, 0, 0, 0, 0, 0, 0, 0, 0, 0, 0, 0, 0, 0, 0, 0, 0, 0, 0, 0, 57564), -- 176010
(176006, 7, 4091, 'Subway Bench', '', '', '', 1, 3, 1, 0, 0, 0, 0, 0, 0, 0, 0, 0, 0, 0, 0, 0, 0, 0, 0, 0, 0, 0, 0, 0, 0, 0, 0, 0, 0, 0, 0, 0, 0, 0, 0, 0, 0, 57564), -- 176006
(176106, 7, 4091, 'Subway Bench', '', '', '', 1, 3, 1, 0, 0, 0, 0, 0, 0, 0, 0, 0, 0, 0, 0, 0, 0, 0, 0, 0, 0, 0, 0, 0, 0, 0, 0, 0, 0, 0, 0, 0, 0, 0, 0, 0, 0, 57564), -- 176106
(176102, 7, 4091, 'Subway Bench', '', '', '', 1, 3, 1, 0, 0, 0, 0, 0, 0, 0, 0, 0, 0, 0, 0, 0, 0, 0, 0, 0, 0, 0, 0, 0, 0, 0, 0, 0, 0, 0, 0, 0, 0, 0, 0, 0, 0, 57564), -- 176102
(176098, 7, 4091, 'Subway Bench', '', '', '', 1, 3, 1, 0, 0, 0, 0, 0, 0, 0, 0, 0, 0, 0, 0, 0, 0, 0, 0, 0, 0, 0, 0, 0, 0, 0, 0, 0, 0, 0, 0, 0, 0, 0, 0, 0, 0, 57564), -- 176098
(176019, 7, 4091, 'Subway Bench', '', '', '', 1, 3, 1, 0, 0, 0, 0, 0, 0, 0, 0, 0, 0, 0, 0, 0, 0, 0, 0, 0, 0, 0, 0, 0, 0, 0, 0, 0, 0, 0, 0, 0, 0, 0, 0, 0, 0, 57564), -- 176019
(176084, 11, 3831, 'Subway', '', '', '', 1, 0, 0, 0, 0, 0, -1, 58633, 0, 71667, 0, 130300, 0, 0, 0, 0, 0, 0, 0, 0, 0, 0, 0, 0, 0, 0, 0, 0, 0, 0, 0, 0, 0, 0, 0, 0, 0, 57564), -- 176084
(176083, 11, 3831, 'Subway', '', '', '', 1, 0, 0, 0, 0, 0, 0, 0, 0, 0, 0, 0, 0, 0, 0, 0, 0, 0, 0, 0, 0, 0, 0, 0, 0, 0, 0, 0, 0, 0, 0, 0, 0, 0, 0, 0, 0, 57564), -- 176083
(176082, 11, 3831, 'Subway', '', '', '', 1, 0, 0, 0, 0, 0, 0, 0, 0, 0, 0, 0, 0, 0, 0, 0, 0, 0, 0, 0, 0, 0, 0, 0, 0, 0, 0, 0, 0, 0, 0, 0, 0, 0, 0, 0, 0, 57564), -- 176082
(164639, 6, 3073, 'Frost Trap', '', '', '', 1, 81, 0, 5, 63487, 1, 0, 0, 0, 0, 1, 0, 0, 0, 0, 1, 0, 0, 0, 0, 0, 0, 0, 0, 0, 0, 0, 0, 0, 0, 0, 0, 0, 0, 0, 0, 0, 57564), -- 164639
(22538, 7, 39, 'Wooden Chair', '', '', '', 1, 1, 1, 0, 0, 0, 0, 0, 0, 0, 0, 0, 0, 0, 0, 0, 0, 0, 0, 0, 0, 0, 0, 0, 0, 0, 0, 0, 0, 0, 0, 0, 0, 0, 0, 0, 0, 57564), -- 22538
(22537, 7, 39, 'Wooden Chair', '', '', '', 1, 1, 1, 0, 0, 0, 0, 0, 0, 0, 0, 0, 0, 0, 0, 0, 0, 0, 0, 0, 0, 0, 0, 0, 0, 0, 0, 0, 0, 0, 0, 0, 0, 0, 0, 0, 0, 57564), -- 22537
(22536, 7, 39, 'Wooden Chair', '', '', '', 1, 1, 1, 0, 0, 0, 0, 0, 0, 0, 0, 0, 0, 0, 0, 0, 0, 0, 0, 0, 0, 0, 0, 0, 0, 0, 0, 0, 0, 0, 0, 0, 0, 0, 0, 0, 0, 57564), -- 22536
(208607, 7, 10733, 'Mushroom Chair', '', '', '', 1, 1, 1, 0, 0, 0, 0, 0, 0, 0, 0, 0, 0, 0, 0, 0, 0, 0, 0, 0, 0, 0, 0, 0, 0, 0, 0, 0, 0, 0, 0, 0, 0, 0, 0, 0, 0, 57564), -- 208607
(201498, 5, 725, 'Heavy Handed Weapons', '', '', '', 1, 1, 1, 0, 0, 0, 0, 0, 0, 0, 0, 0, 0, 0, 0, 0, 0, 0, 0, 0, 0, 0, 0, 0, 0, 0, 0, 0, 0, 0, 0, 0, 0, 0, 0, 0, 0, 57564), -- 201498
(206602, 34, 10114, 'Guild Chest', '', '', '', 1, 0, 0, 0, 0, 0, 0, 0, 0, 0, 0, 0, 0, 0, 0, 0, 0, 0, 0, 0, 0, 0, 0, 0, 0, 0, 0, 0, 0, 0, 0, 0, 0, 0, 0, 0, 0, 57564), -- 206602
(193963, 6, 8529, 'Toy Train Set', '', '', '', 0.5, 0, 0, 0, 61551, 0, 0, 0, 0, 0, 0, 0, 0, 0, 0, 0, 0, 0, 0, 0, 0, 0, 0, 0, 0, 0, 0, 0, 0, 0, 0, 0, 0, 0, 0, 0, 0, 57564), -- 193963
(1619, 3, 414, 'Earthroot', '', '', '', 0.400000005960464477, 30, 1416, 0, 1, 1, 1, 0, 0, 0, 0, 0, 0, 0, 0, 0, 0, 0, 0, 20, 1, 0, 0, 0, 0, 0, 0, 0, 0, 0, 0, 0, 0, 0, 0, 0, 0, 57564); -- 1619


DELETE FROM `npc_text` WHERE `ID` IN (1256 /*1256*/, 1235 /*1235*/);
INSERT INTO `npc_text` (`ID`, `Probability0`, `Probability1`, `Probability2`, `Probability3`, `Probability4`, `Probability5`, `Probability6`, `Probability7`, `BroadcastTextId0`, `BroadcastTextId1`, `BroadcastTextId2`, `BroadcastTextId3`, `BroadcastTextId4`, `BroadcastTextId5`, `BroadcastTextId6`, `BroadcastTextId7`, `VerifiedBuild`) VALUES
(1256, 100, 100, 0, 0, 0, 0, 0, 0, 3407, 3408, 0, 0, 0, 0, 0, 0, 57564), -- 1256
(1235, 100, 100, 100, 0, 0, 0, 0, 0, 3376, 3377, 3378, 0, 0, 0, 0, 0, 57564); -- 1235


